brand,color,condition,contract,link,memory,mobOs,model,price,title
,,,,https://sfbay.craigslist.org/pen/mob/d/mountain-view-speck-gemshell-case-for/6972506573.html,,,,$6,"Speck Gemshell Case for iPhone XS/iPhone X, Clear Brand New"
,,,,https://sfbay.craigslist.org/eby/mod/d/hayward-lots-of-iphones-xs-xr7-plus-8/6975927381.html,,,,$0,"LOTS OF IPHONES X, XS, XR,7, Plus, 8, X, Tmobile Metro Pcs ATT VERIZON"
,,,,https://sfbay.craigslist.org/sby/mod/d/san-jose-mac-pc-iphone-ipad-screen/6975914687.html,,,,$0,"mac, pc, iphone, ipad, screen, batery, softwere, hardwere,unlocking,,,"
,,,,https://sfbay.craigslist.org/sby/mob/d/san-jose-cell-phone-case/6975904677.html,,,,$5,Cell phone case
,,,,https://sfbay.craigslist.org/sby/mob/d/san-jose-iphone-invisiglass-ultra/6955783476.html,,,,$10,Iphone X InvisiGlass Ultra Screen Protector
,,,,https://sfbay.craigslist.org/pen/mob/d/sunnyvale-iphone-6s-and-iphone-7-all/6965313600.html,,,,$1,iPhone 6S+ and iPhone 7 (all Unlocked)
,,,,https://sfbay.craigslist.org/sby/mob/d/sunnyvale-iphone-7-iphone-6s-unlocked/6962526704.html,,,,$1,iPhone 7 - iPhone 6S+ (Unlocked all)
,,,,https://sfbay.craigslist.org/sby/mod/d/fremont-cracked-screen-replacement/6975862702.html,,,,$0,Cracked Screen Replacement & Battery ( APPLE ) SAMSUNG ( LG ) NOKIA
,,,,https://sfbay.craigslist.org/eby/mod/d/fremont-cracked-screen-replacement/6975860096.html,,,,$0,Cracked Screen Replacement ( APPLE ) SAMSUNG ( LG ) NOKIA
,,,,https://sfbay.craigslist.org/eby/mob/d/hayward-iphone-gb-400-ipad-300/6962421456.html,,,,$0,"iphone 7 128 GB 400$, iPad 300 $"
,,,,https://sfbay.craigslist.org/sby/mod/d/san-jose-iphone-screen-repair-plus/6975827901.html,,,,$0,"IPHONE SCREEN REPAIR, 7,8 $55,6 $40,8,7 PLUS $65,FIX IPAD, UNLOCKING"
,,,,https://sfbay.craigslist.org/eby/mob/d/berkeley-new-case-for-iphone/6975823906.html,,,,$10,#NEW# Case for iPhone X
,,,,https://sfbay.craigslist.org/eby/mob/d/hayward-iphone-gb-400-ipad-300/6962421456.html,,,,$0,"iphone 7 128 GB 400$, iPad 300 $"
,,,,https://sfbay.craigslist.org/sby/mod/d/san-jose-iphone-screen-repair-plus/6975827901.html,,,,$0,"IPHONE SCREEN REPAIR, 7,8 $55,6 $40,8,7 PLUS $65,FIX IPAD, UNLOCKING"
,,,,https://sfbay.craigslist.org/eby/mob/d/berkeley-new-case-for-iphone/6975823906.html,,,,$10,#NEW# Case for iPhone X
,,,,https://sfbay.craigslist.org/sby/mob/d/san-jose-iphone-8-plus-cover-protector/6955632849.html,,,,$5,Iphone 8 plus cover/protector
,,,,https://sfbay.craigslist.org/eby/mod/d/iphone-battery-fix-screen-glass-unlock/6975815644.html,,,,$0,IPHONE BATTERY FIX SCREEN GLASS UNLOCK REPAIR ACTIVATE UNLOCKING PHONE
,,,,https://sfbay.craigslist.org/sby/mob/d/san-jose-very-rare-like-new-samsung/6974249067.html,,,,$1299,VERY RARE: LIKE-NEW SAMSUNG GALAXY S10 PLUS 1TB
,,,,https://sfbay.craigslist.org/eby/mod/d/fremont-cell-phone-repair-iphone/6975803491.html,,,,$0,"CELL PHONE REPAIR/ iPHONE CRACKED SCREEN REPLACEMENT, SAMSUNG REPAIR"
,,,,https://sfbay.craigslist.org/sby/mod/d/fremont-iphone-repair-cell-phone-repair/6975802154.html,,,,$0,"iPhone Repair, Cell Phone Repair, Cracked Screen Repair, Samsung Galax"
,,,,https://sfbay.craigslist.org/sby/mob/d/san-jose-brand-new-seal-unlocked-apple/6973152514.html,,,,$1130,Brand New Seal Unlocked Apple iphone XS MAX 512GB(BIG SAVE!)
,,,,https://sfbay.craigslist.org/sfc/mob/d/san-francisco-free-emr-cell-phone/6975744228.html,,,,$0,Free EMR Cell Phone Stickers (10pck)
,,,,https://sfbay.craigslist.org/eby/mob/d/fremont-uniden-1100-slimline-corded/6975769020.html,,,,$7,"Uniden 1100 Slimline Corded Phone, White"
,,,,https://sfbay.craigslist.org/pen/mob/d/san-mateo-new-lg-ac-adapter-model-v/6957289305.html,,,,$5,**NEW** LG AC Adapter Model 8102  5.0V - SAVE 50%
,,,,https://sfbay.craigslist.org/eby/mob/d/castro-valley-light-cable-30-pin4/6956675654.html,,,,$4,Light cable 30 pin4
,,,,https://sfbay.craigslist.org/eby/mob/d/iphone-5-5s-world-cup-soccer-case-cover/6969647255.html,,,,$10,iPhone 5 & 5s World Cup Soccer Case / Cover
,,,,https://sfbay.craigslist.org/pen/mob/d/san-mateo-nokia-acp-12u-power-supply-ac/6973231297.html,,,,$5,Nokia ACP-12U Power Supply / AC adapter / Travel Charger
,,,,https://sfbay.craigslist.org/sby/mob/d/san-jose-samsung-in-wall-phone-charger/6970505730.html,,,,$5,Samsung in-wall phone charger
,,,,https://sfbay.craigslist.org/eby/mob/d/milpitas-auto-phone-mount-new/6965428647.html,,,,$0,auto phone mount New
,,,,https://sfbay.craigslist.org/eby/mod/d/fremont-cracked-screen-battery-speaker/6975728140.html,,,,$0,Cracked screen? battery ? speaker issues we fix all
,,,,https://sfbay.craigslist.org/eby/mob/d/vacaville-samsung-tablet-usb-charge-and/6960883413.html,,,,$5,Samsung Tablet USB Charge and Sync
,,,,https://sfbay.craigslist.org/eby/mod/d/samsung-google-lock-frp-account-lock/6975689902.html,,,,$0,SAMSUNG GOOGLE LOCK FRP ACCOUNT LOCK BLOCK NETWORK FIX UNBLOCK IMEI
,,,,https://sfbay.craigslist.org/sby/mod/d/san-jose-fix/6975663650.html,,,,$0,"FIX IPAD,IPHONE,SAMSUNG,MAC,PC,(15%OFF)IPHONE 4 SALE,UNLOCKING,& MORE"
,,,,https://sfbay.craigslist.org/sby/mob/d/san-jose-brand-new-xs-max-512gb-gold/6973577838.html,,,,$1190,Brand new Xs max 512Gb Gold Free sim (Unlocked)
,,,,https://sfbay.craigslist.org/sby/mob/d/minisuit-portable-selfie-stick-lite/6968006978.html,,,,$10,Minisuit Portable Selfie Stick Lite
,,,,https://sfbay.craigslist.org/sby/mob/d/santa-clara-maxell-apple-iphone-leather/6967925780.html,,,,$5,Maxell Apple iPhone Leather Case
,,,,https://sfbay.craigslist.org/eby/mod/d/hayward-cell-phone-repair-best-prices/6975617565.html,,,,$0,Cell phone repair--BEST PRICES -unlocked phones LG APPLE SAMSUNG NOKI
,,,,https://sfbay.craigslist.org/sby/mob/d/san-jose-apple-iphone-ipad-sim-card/6970343989.html,,,,$3,Apple iPhone & iPad Sim Card Removal Tools
,,,,https://sfbay.craigslist.org/pen/mob/d/sunnyvale-iphone-7-and-iphone-6s/6972301207.html,,,,$1,iPhone 7 and iPhone 6S+ (Factory Unlocked)
,,,,https://sfbay.craigslist.org/sby/mob/d/sunnyvale-iphone-7-and-iphone-6s/6965046793.html,,,,$1,iPhone 7 and iPhone 6S+ (Unlocked)
,,,,https://sfbay.craigslist.org/sby/mob/d/sunnyvale-iphone-7-iphone-6s-all/6972302490.html,,,,$1,"iPhone 7 , iPhone 6S+ (all Unlocked)"
,,,,https://sfbay.craigslist.org/sfc/mob/d/san-francisco-iphone-30-pin-to-dual-usb/6962148716.html,,,,$5,Iphone 30-pin to dual USB and Firewire-400 charging cable
,,,,https://sfbay.craigslist.org/sfc/mob/d/san-francisco-wholesale-extendable/6957226650.html,,,,$1,Wholesale Extendable Wired Selfie Stick Monopod Remote Shutter Phone
,,,,https://sfbay.craigslist.org/nby/mob/d/vineburg-iphone-5s-space-gray-16gb-att/6961846375.html,,,,$5,iPhone 5s Space Gray 16GB AT&T Box
,,,,https://sfbay.craigslist.org/eby/mob/d/castro-valley-light-cable-30-pin4/6975543020.html,,,,$4,Light cable 30 pin4
,,,,https://sfbay.craigslist.org/sby/mob/d/santa-clara-brand-new-samsung-hyperknit/6975497787.html,,,,$10,Brand new Samsung HyperKnit Cover for S9+
,,,,https://sfbay.craigslist.org/sby/mob/d/santa-clara-brand-new-official-oem/6975497623.html,,,,$10,Brand New Official OEM Samsung Galaxy S9+ Silicone Protective Cover (L
,,,,https://sfbay.craigslist.org/eby/mob/d/dublin-apple-usb/6958022735.html,,,,$10,Apple USB
,,,,https://sfbay.craigslist.org/eby/mob/d/dublin-collection-of-iphone-cases/6955586326.html,,,,$8,Collection of iPhone Cases
,,,,https://sfbay.craigslist.org/eby/mob/d/el-sobrante-apple-watch-3-note9-pixel-3/6975388308.html,,,,$0,apple watch 3/note9/pixel 3 xl
,,,,https://sfbay.craigslist.org/sby/mob/d/san-jose-samsung-galaxy-note-9/6970862245.html,,,,$1,Samsung Galaxy Note 9
,,,,https://sfbay.craigslist.org/eby/mob/d/iphone-5c-and-iphone-6s/6975359879.html,,,,$0,iPhone 5c AND iPhone 6s
,,,,https://sfbay.craigslist.org/sby/mob/d/san-jose-sony-xperia-xa1-ultra/6975359832.html,,,,$1,Sony Xperia Xa1 Ultra
,,,,https://sfbay.craigslist.org/sby/mob/d/iphone-4-3x-charging-cords-10ft/6975358981.html,,,,$0,iPhone 4 -  3x charging cords 10ft
,,,,https://sfbay.craigslist.org/eby/mob/d/berkeley-iphone-7-case/6959115705.html,,,,$5,iPhone 7 Case
,,,,https://sfbay.craigslist.org/eby/mob/d/berkeley-phone-chargers-with-cords/6959115798.html,,,,$5,Phone Chargers with cords
,,,,https://sfbay.craigslist.org/sby/mob/d/san-jose-iphone-8-soft-clear-case-new/6975333315.html,,,,$5,iPhone 8 - Soft Clear Case - NEW !!
,,,,https://sfbay.craigslist.org/sby/mob/d/san-jose-iphone-7-soft-clear-case-new/6975333422.html,,,,$5,iPhone 7 - Soft Clear Case - NEW !!
,,,,https://sfbay.craigslist.org/sby/mob/d/excellent-condition-apple-iphone-ipad/6956937959.html,,,,$5,Excellent condition Apple iPhone iPad Chargers + Battery Pack
,,,,https://sfbay.craigslist.org/sby/mob/d/san-jose-ihome-portable-bluetooth/6975343348.html,,,,$7,"iHOME PORTABLE BLUETOOTH SPEAKER for iPHONE, SAMSUNG - EXCELLENT"
,,,,https://sfbay.craigslist.org/sby/mob/d/san-jose-iphone-6s-plus-soft-clear-case/6975332736.html,,,,$5,iPhone 6s PLUS - Soft Clear Case - NEW !!
,,,,https://sfbay.craigslist.org/sby/mob/d/san-jose-iphone-7-plus-soft-clear-case/6975332830.html,,,,$5,iPhone 7 PLUS - Soft Clear Case - NEW !!
,,,,https://sfbay.craigslist.org/sby/mob/d/san-jose-iphone-7-plus-soft-clear-case/6975332952.html,,,,$5,iPhone 7 PLUS - Soft Clear Case - NEW !!
,,,,https://sfbay.craigslist.org/sby/mob/d/san-jose-black-flip-case-for-iphone-6s/6975334013.html,,,,$5,Black Flip Case for iPhone 6s Plus with card holder - NEW !!
,,,,https://sfbay.craigslist.org/nby/mob/d/sanyo-black-leather-cell-phone-case/6973595254.html,,,,$2,SANYO Black Leather Cell Phone Case
,,,,https://sfbay.craigslist.org/eby/mob/d/berkeley-abercrombie-brown-tote-with/6975325067.html,,,,$7,Abercrombie brown tote with leather handles
,,,,https://sfbay.craigslist.org/sfc/mob/d/san-francisco-iphone-6-box-only/6965327599.html,,,,$5,iPhone 6 - Box Only
,,,,https://sfbay.craigslist.org/sfc/mob/d/san-francisco-iphone-7-gold-box-only/6965327849.html,,,,$5,iPhone 7 Gold - Box Only
,,,,https://sfbay.craigslist.org/sfc/mob/d/san-francisco-iphone-6-plus-gold-box/6965327990.html,,,,$5,iPhone 6 Plus Gold - Box Only
,,,,https://sfbay.craigslist.org/sfc/mob/d/san-francisco-iphone-7-plus-silver-box/6965328154.html,,,,$10,iPhone 7 Plus Silver - Box Only
,,,,https://sfbay.craigslist.org/sby/mob/d/san-jose-samsung-galaxy-s9/6973844305.html,,,,$0,Samsung Galaxy S9+
,,,,https://sfbay.craigslist.org/sby/mob/d/san-jose-samsung-galaxy-s9/6973844648.html,,,,$0,Samsung Galaxy S9+
,,,,https://sfbay.craigslist.org/sby/mob/d/cupertino-caseology-parallax-samsung/6967619108.html,,,,$5,Caseology Parallax Samsung Galaxy S8 Plus Case
,,,,https://sfbay.craigslist.org/eby/mod/d/iphone-battery-fix-screen-glass-unlock/6975282633.html,,,,$0,IPHONE BATTERY FIX SCREEN GLASS UNLOCK REPAIR ACTIVATE UNLOCKING PHONE
,,,,https://sfbay.craigslist.org/pen/mob/d/millbrae-apple-iphone-7-box-original/6973812285.html,,,,$10,"Apple iPhone 7 Box w/Original Accessories, 3 Cases, Screen Protector"
,,,,https://sfbay.craigslist.org/eby/mob/d/san-pablo-spigen-thin-fit-note-9-case/6966171269.html,,,,$5,Spigen Thin Fit Note 9 Case
,,,,https://sfbay.craigslist.org/sby/mob/d/san-jose-otter-box-defender-iphone-5/6971464936.html,,,,$5,Otter Box Defender iPhone 5
,,,,https://sfbay.craigslist.org/eby/mob/d/oakland-otterbox-symmetry-clear-series/6971108141.html,,,,$10,OtterBox Symmetry Clear Series Case for Google Pixel 3
,,,,https://sfbay.craigslist.org/sby/mod/d/san-jose-ipadiphonescreen/6975213517.html,,,,$0,"IPAD,IPHONE,SCREEN, BATTERY,CHARGING PORT AS LOW AS $39,UNLOCKING,CALL"
,,,,https://sfbay.craigslist.org/nby/mob/d/san-quentin-cell-phone-case-for-iphone/6970530884.html,,,,$8,CELL PHONE CASE FOR iPHONE 6s/7/8 IN A MULTI-COLOR POLKA DOT PATTERN!
,,,,https://sfbay.craigslist.org/eby/mod/d/fremont-repair-fix-cell-phones-computer/6975209005.html,,,,$0,REPAIR/FIX CELL PHONES & COMPUTER/ UNLOCKING
,,,,https://sfbay.craigslist.org/sfc/mob/d/san-francisco-samsung-galaxy-a10egalaxy/6961142211.html,,,,$5,"Samsung Galaxy A10e,Galaxy A20e Case with Buit-in Kickstand"
,,,,https://sfbay.craigslist.org/sby/mob/d/new-tylt-dual-car-charger-micro-usb/6966281096.html,,,,$8,*new* tylt dual car charger micro USB / universal USB
,,,,https://sfbay.craigslist.org/pen/mob/d/sunnyvale-iphone-7-and-iphone-6splus/6965304340.html,,,,$1,iPhone 7 and iPhone 6SPLUS (Unlocked)
,,,,https://sfbay.craigslist.org/eby/mob/d/hayward-apple-iphone-xs-512gb-with/6965363354.html,,,,$1500,Apple iPhone XS 512GB with AppleCare+ 299
,,,,https://sfbay.craigslist.org/eby/mob/d/fremont-unlocked-new-sealed-iphone-xs/6973247900.html,,,,$1200,Unlocked new sealed iPhone XS Max 256 gb space grey any carrier
,,,,https://sfbay.craigslist.org/sby/mob/d/san-jose-ihome-portable-bluetooth/6970621674.html,,,,$6,"iHOME PORTABLE BLUETOOTH SPEAKER for iPHONE, SAMSUNG - EXCELLENT"
,,,,https://sfbay.craigslist.org/sby/mod/d/san-jose-fix-computer-pcmacrepair/6975101585.html,,,,$0,"fix computer pc,mac.repair iphone, ipad screen as low as $39,unlocking"
,,,,https://sfbay.craigslist.org/sby/mob/d/san-jose-iphone-6s-box-only-great/6975079552.html,,,,$10,IPHONE 6S BOX ONLY - GREAT CONDITION
,,,,https://sfbay.craigslist.org/eby/mod/d/fremont-samsung-galaxy-phone-repair/6975094400.html,,,,$0,"Samsung Galaxy Phone Repair, iPhone Repair, LG Phone Repair. HTC Repai"
,,,,https://sfbay.craigslist.org/eby/mod/d/fremont-iphone-repair-htc-phone-repair/6975093846.html,,,,$0,"iPhone Repair, HTC Phone Repair, LG Phone Repair"
,,,,https://sfbay.craigslist.org/sby/mod/d/fremont-iphone-repair-cell-phone-repair/6975088934.html,,,,$0,"iPhone Repair, Cell Phone Repair, Cracked Screen Repair, Samsung Galax"
,,,,https://sfbay.craigslist.org/sby/mob/d/san-jose-iphone-6-cases-brand-new/6975079456.html,,,,$5,IPHONE 6 CASES - BRAND NEW
,,,,https://sfbay.craigslist.org/sby/mob/d/san-jose-iphone-6-plus-box-only-great/6975074577.html,,,,$10,IPHONE 6 PLUS BOX ONLY - GREAT CONDITION
,,,,https://sfbay.craigslist.org/sby/mob/d/san-jose-2-iphone-5s-boxes-only/6975074473.html,,,,$5,2 IPHONE 5S BOXES ONLY - EXCELLENT
,,,,https://sfbay.craigslist.org/eby/mob/d/fremont-lg-htc-samsung-iphone-unlock/6958409157.html,,,,$0,LG HTC SAMSUNG IPHONE UNLOCK SHOP IN 30 MIN
,,,,https://sfbay.craigslist.org/eby/mod/d/fremont-cell-phone-repair-iphone/6975049644.html,,,,$0,"CELL PHONE REPAIR/ iPHONE CRACKED SCREEN REPLACEMENT, SAMSUNG REPAIR"
,,,,https://sfbay.craigslist.org/eby/mob/d/hayward-ch-4-your-mrtph0ne/6974946460.html,,,,$1,C_@$H 4 your $m@rtph0ne
,,,,https://sfbay.craigslist.org/eby/mod/d/fremont-cracked-screen-replacement/6975045209.html,,,,$0,Cracked Screen Replacement ( APPLE ) SAMSUNG ( LG ) NOKIA
,,,,https://sfbay.craigslist.org/eby/mob/d/fremont-iphone-unlock-and-fix/6967712635.html,,,,$0,IPHONE UNLOCK AND FIX
,,,,https://sfbay.craigslist.org/sby/mob/d/san-jose-iphone-wireless-charger-like/6975030488.html,,,,$5,IPHONE WIRELESS CHARGER - LIKE NEW
,,,,https://sfbay.craigslist.org/eby/mob/d/fremont-usb-cable-micro-usb-to-usb-2/6967610097.html,,,,$10,USB Cable Micro USB to USB A (2-Pack 6.6FT)
,,,,https://sfbay.craigslist.org/sby/mob/d/san-jose-renegade-blue-tooth-headset/6975019529.html,,,,$10,RENEGADE BLUE TOOTH HEADSET - BRAND NEW
,,,,https://sfbay.craigslist.org/sfc/mob/d/san-francisco-glass-protector-for-iphone/6972392458.html,,,,$10,glass protector for iPhone
,,,,https://sfbay.craigslist.org/sby/mob/d/white-bumper-case-for-samsung-note-5/6975013390.html,,,,$5,WHITE BUMPER CASE FOR SAMSUNG NOTE 5 - brand new
,,,,https://sfbay.craigslist.org/sby/mob/d/black-samsung-note-5-bumper-case-brand/6975012730.html,,,,$5,BLACK SAMSUNG NOTE 5 BUMPER CASE - brand new
,,,,https://sfbay.craigslist.org/sby/mob/d/san-jose-iphone-3gs-and-5s-box-only/6956439219.html,,,,$3,Iphone 3gs and 5s box only.
,,,,https://sfbay.craigslist.org/sby/mob/d/iphone-5-5s-zoogue-case-iphone-3g-3gs/6958750443.html,,,,$1,"iPhone 5 / 5s  ZooGue case, iPhone 3G / 3GS Incipio case"
,,,,https://sfbay.craigslist.org/sby/mob/d/3-sim-adapters-nano-sim-micro-sim-stand/6958750644.html,,,,$5,"3 Sim adapters, nano sim, micro sim, stand sim"
,,,,https://sfbay.craigslist.org/sby/mob/d/iphone-3gs-6-plus-7-plus-macbook-pro/6958750254.html,,,,$5,"iPhone 3GS, 6 plus, 7 plus, MacBook Pro Box (EMPTY)"
,,,,https://sfbay.craigslist.org/sby/mob/d/san-jose-samsung-galaxy-s10-5g-used/6974971321.html,,,,$0,Samsung galaxy s10 5G used
,,,,https://sfbay.craigslist.org/sby/mod/d/san-jose/6974973363.html,,,,$0,"iphone,ipad,screen,batery,repair15%off)fix mac,pc,any issues,unlocking"
,,,,https://sfbay.craigslist.org/sby/mob/d/san-jose-samsung-galaxy-a50-clear-view/6974959586.html,,,,$10,Samsung Galaxy A50 Clear View Standing Cover  $10 OBO
,,,,https://sfbay.craigslist.org/eby/mob/d/brentwood-smart-watch-dz09/6974946127.html,,,,$10,Smart Watch DZ09
,,,,https://sfbay.craigslist.org/eby/mob/d/oakland-universal-cable-and-adapter-for/6968537501.html,,,,$0,"Universal cable and adapter for iphone, ipad"
,,,,https://sfbay.craigslist.org/eby/mob/d/livermore-kate-spade-iphone-7-case/6966117589.html,,,,$10,Kate Spade iPhone 7 case - Clear with Rhinestones & White floral motif
,,,,https://sfbay.craigslist.org/eby/mob/d/new-box-iphone-7-7-plus-cases/6967713919.html,,,,$5,"#New w / box# IPhone 7, 7 plus Cases"
,,,,https://sfbay.craigslist.org/eby/mob/d/berkeley-new-car-charger-for-all-micro/6961474405.html,,,,$5,[NEW] Car Charger for all Micro USB equipment
,,,,https://sfbay.craigslist.org/sfc/mob/d/san-francisco-bike-handlebar-mount/6956697699.html,,,,$5,Bike handlebar mount waterproof cell phone case / holder
,,,,https://sfbay.craigslist.org/eby/mod/d/hayward-cell-phone-repair-best-prices/6974874216.html,,,,$0,Cell phone repair--BEST PRICES -unlocked phones LG APPLE SAMSUNG NOKI
,,,,https://sfbay.craigslist.org/eby/mob/d/player-5-samsungunlock/6974866315.html,,,,$10,Player 5 SAMSUNG(unlock)
,,,,https://sfbay.craigslist.org/sby/mod/d/san-jose-iphone-ipad-samsung-lg/6974866325.html,,,,$0,"IPHONE, IPAD, SAMSUNG, LG, SCREEN,BATTERY(15%OFF)FIX MAC, PC,UNLOCKIN"
,,,,https://sfbay.craigslist.org/sfc/mob/d/apple-charger-usb-adapter-charger/6966792775.html,,,,$10,Apple Charger USB Adapter Charger Lightning iPhone iPad
,,,,https://sfbay.craigslist.org/sby/mob/d/milpitas-new-iphone-6-plus-6s-plus/6973270386.html,,,,$4,New iPhone 6 Plus / 6S Plus Clear Case. Ultra Thin Floral Pattern
,,,,https://sfbay.craigslist.org/sby/mob/d/sunnyvale-iphone-7-and-iphone-6s/6966054425.html,,,,$1,iPhone 7 and iPhone 6S+ Factory Unlocked
,,,,https://sfbay.craigslist.org/sby/mob/d/sunnyvale-iphone-7-and-iphone-6s/6972304273.html,,,,$1,iPhone 7 and iPhone 6S+ (Unlocked)
,,,,https://sfbay.craigslist.org/sby/mob/d/sunnyvale-iphone-7-iphone-6s-unlocked/6965303476.html,,,,$2,iPhone 7 & iPhone 6S+ (Unlocked)
,,,,https://sfbay.craigslist.org/sby/mob/d/iphone-7-plus-box-only/6959980884.html,,,,$10,iPhone 7 Plus Box  only
,,,,https://sfbay.craigslist.org/sby/mob/d/iphone-5-white-16gb-verizon-iphone-ipad/6957163084.html,,,,$1,iPhone 5 White 16GB Verizon / iPhone-iPad Accessories
,,,,https://sfbay.craigslist.org/eby/mob/d/rodeo-samsung-a50-fashion-or-protective/6958973334.html,,,,$1,Samsung A50 FASHION OR PROTECTIVE case
,,,,https://sfbay.craigslist.org/eby/mob/d/oakland-filliate-fusebox-magnetic-car/6964859880.html,,,,$10,E-filliate FuseBox Magnetic Car Mount Air Vent Smartphones Holder
,,,,https://sfbay.craigslist.org/sby/mob/d/san-jose-iphone-6s-box-only-great/6970656130.html,,,,$10,IPHONE 6S BOX ONLY - GREAT CONDITION
,,,,https://sfbay.craigslist.org/eby/mob/d/san-lorenzo-box-of-cell-phones-best/6959219899.html,,,,$0,Box of Cell phones. Best offer
,,,,https://sfbay.craigslist.org/sfc/mob/d/san-francisco-iphone-8-for-android-trade/6974703271.html,,,,$0,iPhone 8 for android trade
,,,,https://sfbay.craigslist.org/eby/mob/d/dublin-samsung-galaxy-s7-phone/6974684349.html,,,,$10,Samsung Galaxy S7 Phone Accessories - Case and Charger
,,,,https://sfbay.craigslist.org/pen/mob/d/san-mateo-iphone-boxes/6974663359.html,,,,$5,iPhone X Boxes
,,,,https://sfbay.craigslist.org/sfc/mob/d/phone-cases-for-samsungs-iphones/6974648848.html,,,,$1,Phone cases for Samsungs/iPhones
,,,,https://sfbay.craigslist.org/eby/mob/d/sim-card-cut/6969949414.html,,,,$5,✔SIM Card Cut
,,,,https://sfbay.craigslist.org/eby/mob/d/fremont-spigen-samsung-galaxy-s9-case/6969959250.html,,,,$7,Spigen Samsung Galaxy S9 Case
,,,,https://sfbay.craigslist.org/eby/mob/d/apple-ipod-iphone-dock-connector-usb/6969949027.html,,,,$4,| Apple iPod iPhone Dock connector USB Cable
,,,,https://sfbay.craigslist.org/eby/mob/d/oakland-2001-ml320/6974570662.html,,,,$2100,2001 ml320
,,,,https://sfbay.craigslist.org/eby/mob/d/network-unlock-unblock-iphone-screen/6974561118.html,,,,$0,NETWORK UNLOCK UNBLOCK IPHONE SCREEN FIX and ACTIVATION ISSUES
,,,,https://sfbay.craigslist.org/sby/mob/d/mountain-view-brand-new-case-mate/6958418475.html,,,,$10,Brand New Case-Mate iPhone 8/7/6s/6 Case - Champagne Sheer Glam
,,,,https://sfbay.craigslist.org/pen/mob/d/burlingame-samsung-galaxy-note-8-and/6974564025.html,,,,$5,"Samsung galaxy Note 8 and Note 9 Cases and pen, Mint"
,,,,https://sfbay.craigslist.org/sby/mob/d/san-jose-usb-cable/6971003979.html,,,,$5,usb c cable
,,,,https://sfbay.craigslist.org/sby/mob/d/san-jose-free-case-for-pixel-3/6971003916.html,,,,$0,free case for pixel 3
,,,,https://sfbay.craigslist.org/sby/mob/d/san-jose-10-new-cases-for-iphone-xr/6971003863.html,,,,$5,10 new cases for iphone xr
,,,,https://sfbay.craigslist.org/sby/mob/d/iphone-6-and-6s-plus-case/6974557007.html,,,,$10,Iphone 6 and 6S plus case
,,,,https://sfbay.craigslist.org/eby/mob/d/newark-brand-new-iphone-6-cases/6959426815.html,,,,$5,Brand New Iphone 6 cases
,,,,https://sfbay.craigslist.org/eby/mob/d/newark-brand-new-iphone-6-tempered/6959427827.html,,,,$3,Brand New Iphone 6 Tempered Screen Protector
,,,,https://sfbay.craigslist.org/eby/mob/d/newark-brand-new-iphone-6-hello-kitty/6959433804.html,,,,$5,Brand New Iphone 6 Hello Kitty Cases
,,,,https://sfbay.craigslist.org/sfc/mob/d/san-francisco-like-new-android-phone/6958956238.html,,,,$8,Like-New Android Phone Car Charger
,,,,https://sfbay.craigslist.org/eby/mob/d/cell-phone-usb-car-charger-port/6953506442.html,,,,$5,"Cell Phone USB Car Charger, Port Connector, USB cable,Screen Protector"
,,,,https://sfbay.craigslist.org/sby/mob/d/iphone-xr-note-8-s7-moto-force-stylo-4/6970833593.html,,,,$1,"iPhone XR/ X,  Note 8, S7, Moto z force, Stylo 4"
,,,,https://sfbay.craigslist.org/sfc/mob/d/two-li-ion-batteries-for-zte-android/6964158261.html,,,,$5,Two LI-ION Batteries for ZTE Android Phone
,,,,https://sfbay.craigslist.org/eby/mob/d/berkeley-bulk-wholesale-iphone/6969752823.html,,,,$1,Bulk/Wholesale iPhone Lightning cables - 600pcs
,,,,https://sfbay.craigslist.org/sfc/mob/d/san-francisco-verizon-jetpack-mobile/6974503731.html,,,,$10,Verizon Jetpack Mobile Broadband Hotspot
,,,,https://sfbay.craigslist.org/sby/mob/d/san-jose-iphone-cases-iphone-xs/6974493735.html,,,,$5,"iPhone cases - iPhone X, Xs"
,,,,https://sfbay.craigslist.org/sby/mob/d/san-jose-samsung-note-9-pen-bluetooth/6967576228.html,,,,$10,Samsung Note 9 S Pen w bluetooth
,,,,https://sfbay.craigslist.org/sby/mob/d/san-jose-aukey-power-bank-with/6974493430.html,,,,$9,Aukey Power Bank with Lightning input - 3600mAh
,,,,https://sfbay.craigslist.org/sby/mob/d/mens-polo-shirt/6962508179.html,,,,$1,Men's polo shirt
,,,,https://sfbay.craigslist.org/sfc/mob/d/san-francisco-iphone-xr-case-6s-battery/6967233657.html,,,,$10,iPhone XR case 6s battery case
,,,,https://sfbay.craigslist.org/sfc/mob/d/san-francisco-glass-privacy-screen-for/6974431075.html,,,,$5,"Glass Privacy Screen for  iPhone 8, iPhone 7, iPhone 6s, iPhone 6"
,,,,https://sfbay.craigslist.org/sfc/mob/d/san-francisco-new-green-phone-charging/6955243897.html,,,,$4,New Green PHONE CHARGING JUICE PACK MICRO USB ANDROID Sealed Box $4
,,,,https://sfbay.craigslist.org/sby/mob/d/santa-clara-carrying-case-for-samsung/6957178484.html,,,,$10,Carrying Case for Samsung Galaxy Note 4
,,,,https://sfbay.craigslist.org/sby/mob/d/santa-clara-samsung-s10-s10-plus-cases/6970479577.html,,,,$1,Samsung s10 s10 plus cases for sale
,,,,https://sfbay.craigslist.org/sby/mob/d/san-jose-like-new-box-manual-screen/6974436703.html,,,,$10,# LIKE NEW # BOX & Manual + Screen Protectors for Samsung Galaxy S5!
,,,,https://sfbay.craigslist.org/nby/mob/d/samsung-galaxy-s6-edge-sm-g925a-32gb/6961587282.html,,,,$0,Samsung Galaxy S6 Edge SM-G925A - 32GB - White Pearl AT&T for Sale!
,,,,https://sfbay.craigslist.org/sby/mob/d/sunnyvale-iphone-7-and-iphone-6s-all/6962504390.html,,,,$1,iPhone 7 and iPhone 6S+ (all Unlocked)
,,,,https://sfbay.craigslist.org/pen/mob/d/sunnyvale-iphone-7-and-iphone-6s/6970793797.html,,,,$1,iPhone 7 and iPhone 6S+ (Unlocked)
,,,,https://sfbay.craigslist.org/sby/mob/d/sunnyvale-iphone-7-and-iphone-6s-all/6973046718.html,,,,$0,iPhone 7 and iPhone 6S+ (all Unlocked)
,,,,https://sfbay.craigslist.org/eby/mob/d/fremont-factory-unlock-phone-and-more/6962005961.html,,,,$0,FACTORY UNLOCK PHONE AND MORE
,,,,https://sfbay.craigslist.org/eby/mob/d/supcase-unicorn-beetle-pro-galaxy-note/6970463992.html,,,,$5,SUPCASE UNICORN BEETLE PRO GALAXY NOTE 7 CASE
,,,,https://sfbay.craigslist.org/sby/mob/d/sunnyvale-iphone-7-iphone-6s-all/6962519559.html,,,,$1,iPhone 7 / iPhone 6S+   all UNLOCKED
,,,,https://sfbay.craigslist.org/eby/mob/d/sunnyvale-iphone-7-and-iphone-6s-all/6970794633.html,,,,$1,iPhone 7 and iPhone 6S+ (all Unlocked)
,,,,https://sfbay.craigslist.org/pen/mob/d/sunnyvale-iphone-7-and-iphone-6s/6970795717.html,,,,$1,iPhone 7 and iPhone 6S+ (Factory Unlocked)
,,,,https://sfbay.craigslist.org/sby/mob/d/san-jose-iphone-4s-empty-box-pic/6971747385.html,,,,$1,iPhone 4S EMPTY BOX (pic)
,,,,https://sfbay.craigslist.org/sby/mob/d/san-jose-box-only-for-ipad-air-10/6974353605.html,,,,$10,Box only for iPad air = $10
,,,,https://sfbay.craigslist.org/sby/mob/d/san-jose-magnetic-car-air-vent-mount/6974353369.html,,,,$5,"Magnetic Car Air Vent Mount Holder Stand for Cell Phone, GPS Brand new"
,,,,https://sfbay.craigslist.org/nby/mob/d/san-rafael-safety-belt-for-iphone-etc/6974350411.html,,,,$10,safety belt for iPhone etc.
,,,,https://sfbay.craigslist.org/sby/mob/d/sunnyvale-iphone-7-and-iphone-6s-all/6963026096.html,,,,$1,iPhone 7 and iPhone 6S+ (all Unlocked)
,,,,https://sfbay.craigslist.org/pen/mob/d/sunnyvale-iphone-7-iphone-6s-factory/6966051895.html,,,,$1,iPhone 7 & iPhone 6S+ Factory Unlocked
,,,,https://sfbay.craigslist.org/sfc/mob/d/san-francisco-apple-iphone-xs-max-512gb/6969732778.html,,,,$1350,Apple iPhone XS Max - 512GB (Factory Unlocked)*SEALED IN BOX*
,,,,https://sfbay.craigslist.org/sfc/mob/d/san-francisco-apple-iphone-xs-max-512gb/6969732321.html,,,,$1350,Apple iPhone XS Max - 512GB (Factory Unlocked)*SEALED IN BOX*
,,,,https://sfbay.craigslist.org/pen/mob/d/belmont-international-blackberry-power/6972733612.html,,,,$10,International Blackberry Power Adapters - NEW -
,,,,https://sfbay.craigslist.org/eby/mob/d/san-lorenzo-lg-g4-otter-box-case-with/6974317534.html,,,,$5,LG G4 Otter Box Case With Screen Protector Band NEW!!!
,,,,https://sfbay.craigslist.org/eby/mob/d/san-lorenzo-samsung-galaxy-s10-plus/6974313061.html,,,,$10,Samsung Galaxy S10+ Plus Band New Hybrid Case!!! Only $10.
,,,,https://sfbay.craigslist.org/eby/mob/d/palm-portable-full-size-keyboard-for/6974282645.html,,,,$5,"►Palm Portable Full size Keyboard for series V, III, VIII◄"
,,,,https://sfbay.craigslist.org/sby/mob/d/san-jose-iphones/6974255776.html,,,,$0,iphones
,,,,https://sfbay.craigslist.org/eby/mod/d/iphone-battery-fix-screen-glass-unlock/6974245501.html,,,,$0,IPHONE BATTERY FIX SCREEN GLASS UNLOCK REPAIR + ACTIVATE SAMSUNG PHONE
,,,,https://sfbay.craigslist.org/sfc/mob/d/san-francisco-new-pad-pro-129-cover-and/6956949615.html,,,,$10,New i pad pro 12.9 cover and 10.50 cover. and i phone 5 5c case
,,,,https://sfbay.craigslist.org/eby/mob/d/new-never-used-blackberry-replacement/6974219520.html,,,,$2,►New Never Used - BlackBerry Replacement HandsFreeHeadset◄
,,,,https://sfbay.craigslist.org/eby/mod/d/fremont-iphone-repair-htc-phone-repair/6974216903.html,,,,$0,"iPhone Repair, HTC Phone Repair, LG Phone Repair"
,,,,https://sfbay.craigslist.org/eby/mod/d/fremont-samsung-galaxy-phone-repair/6974215859.html,,,,$0,"Samsung Galaxy Phone Repair, iPhone Repair, LG Phone Repair. HTC Repai"
,,,,https://sfbay.craigslist.org/sby/mod/d/fremont-iphone-repair-cell-phone-repair/6974214998.html,,,,$0,"iPhone Repair, Cell Phone Repair, Cracked Screen Repair, Samsung Galax"
,,,,https://sfbay.craigslist.org/sby/mob/d/santa-clara-new-samsung-galaxy-cover/6954374783.html,,,,$10,New Samsung Galaxy Cover Protective Case
,,,,https://sfbay.craigslist.org/eby/mob/d/hayward-iphone-case-black-new/6974182801.html,,,,$2,iPhone X Case - black new
,,,,https://sfbay.craigslist.org/sby/mob/d/sunnyvale-tmobile-legacy-plan-cost-10/6974176855.html,,,,$0,TMobile Legacy plan cost $10/yr + Unlocked LG Flip phone
,,,,https://sfbay.craigslist.org/sby/mob/d/powerbank-torchlight-cases-for-lg-k7-k8/6974176296.html,,,,$10,"PowerBank/TorchLight, Cases for LG K7/K8, Tribute 5/HD / X STYLE"
,,,,https://sfbay.craigslist.org/sby/mob/d/sunnyvale-unlocked-new-lg-3g-gsm-flip/6974175524.html,,,,$0,Unlocked New LG 3G GSM Flip phone
,,,,https://sfbay.craigslist.org/sby/mob/d/verizon-charger-adapter/6964599135.html,,,,$2,Verizon Charger Adapter
,,,,https://sfbay.craigslist.org/sby/mob/d/samsung-sgh-t195g-travel-adapter/6964581352.html,,,,$2,Samsung SGH-T195G Travel Adapter
,,,,https://sfbay.craigslist.org/sby/mob/d/recoton-car-charger-for-sony-clearnet/6964562752.html,,,,$5,"Recoton Car Charger for Sony, Clearnet, and Qualcomm Cell Phones"
,,,,https://sfbay.craigslist.org/sby/mob/d/motorola-charger-npn6197b-for-nextel/6964547605.html,,,,$5,Motorola Charger NPN6197B for Nextel Phone
,,,,https://sfbay.craigslist.org/sby/mob/d/santa-clara-cellphone-holders-one-pair/6960482241.html,,,,$10,cellphone holders - one pair
,,,,https://sfbay.craigslist.org/sfc/mob/d/san-francisco-motorola-earbud-handsfree/6974136292.html,,,,$3,Motorola Earbud Handsfree Headset (NEW)
,,,,https://sfbay.craigslist.org/sfc/mob/d/san-francisco-sprint-modem/6974135880.html,,,,$0,Sprint Modem
,,,,https://sfbay.craigslist.org/eby/mob/d/castro-valley-light-cable-30-pin4/6963685509.html,,,,$4,Light cable 30 pin4
,,,,https://sfbay.craigslist.org/eby/mob/d/knightsen-iphone-cases/6958149776.html,,,,$5,iPhone cases
,,,,https://sfbay.craigslist.org/sfc/mob/d/san-francisco-motorola-earbud-handsfree/6974111130.html,,,,$3,Motorola Earbud Handsfree Headset (NEW)
,,,,https://sfbay.craigslist.org/eby/mob/d/sharper-image-vr-virtual-reality-headset/6971132738.html,,,,$5,Sharper Image VR (Virtual Reality) Headset
,,,,https://sfbay.craigslist.org/pen/mob/d/mountain-view-qi-wireless-charger-for/6956320834.html,,,,$7,Qi Wireless Charger for Samsung and other phones
,,,,https://sfbay.craigslist.org/pen/mob/d/los-altos-original-apple-iphone-usb/6956320767.html,,,,$8,Original Apple iPhone USB charging block
,,,,https://sfbay.craigslist.org/eby/mob/d/antioch-samsung-galaxy-note-9-s10-a10e/6973999284.html,,,,$0,"Samsung Galaxy Note 9, S10, A10E"
,,,,https://sfbay.craigslist.org/eby/mob/d/network-unlock-unblock-iphone-screen/6973963418.html,,,,$0,NETWORK UNLOCK UNBLOCK IPHONE SCREEN FIX and ACTIVATION ISSUES
,,,,https://sfbay.craigslist.org/eby/mob/d/fremont-lg-htc-samsung-iphone-unlock/6965757775.html,,,,$0,LG HTC SAMSUNG IPHONE UNLOCK SHOP IN 30 MIN
,,,,https://sfbay.craigslist.org/sby/mob/d/kyocera-lingo-m1000-qwerty-dual-screen/6973945443.html,,,,$10,Kyocera Lingo M1000 Qwerty Dual Screen CDMA Cell Phone
,,,,https://sfbay.craigslist.org/sby/mob/d/elago-iphone-4-4s-case-in-brown/6973945394.html,,,,$5,Elago iPhone 4/4s case in Brown
,,,,https://sfbay.craigslist.org/scz/mob/d/santa-cruz-bulldogs/6973942011.html,,,,$0,Bulldogs
,,,,https://sfbay.craigslist.org/eby/mob/d/martinez-new-phone-waterproof-case/6973943495.html,,,,$8,New I phone X waterproof  case
,,,,https://sfbay.craigslist.org/sby/mob/d/iphone-xs-max-512-silver/6973921788.html,,,,$1,iPhone XS Max 512 Silver
,,,,https://sfbay.craigslist.org/eby/mob/d/sanrio-hello-kitty-my-melody-iphone/6973906199.html,,,,$10,Sanrio Hello Kitty My Melody iPhone Case for iPhone 6 and 7
,,,,https://sfbay.craigslist.org/eby/mob/d/oakland-motorola-ls550-and-pagers/6964533694.html,,,,$1,Motorola LS550 and 9310125 Pagers
,,,,https://sfbay.craigslist.org/pen/mob/d/redwood-city-2013-land-rover-range/6973900069.html,,,,$25000,2013 Land Rover Range Rover Sport HSE Warranty
,,,,https://sfbay.craigslist.org/eby/mob/d/oakland-my-3d-for-iphone-or-ipod-touch/6964501843.html,,,,$1,my 3D for Iphone or Ipod Touch
,,,,https://sfbay.craigslist.org/eby/mob/d/oakland-nokia-lumia-521-cell-phone/6964503780.html,,,,$1,Nokia Lumia 521 Cell Phone
,,,,https://sfbay.craigslist.org/eby/mod/d/iphone-battery-fix-screen-glass-unlock/6973853131.html,,,,$0,IPHONE BATTERY FIX SCREEN GLASS UNLOCK REPAIR ACTIVATE UNLOCKING PHONE
,,,,https://sfbay.craigslist.org/eby/mob/d/rodeo-essential-ph-degree-camera-case/6973835302.html,,,,$10,Essential PH-1 360 Degree Camera CASE BRAND NEW!
,,,,https://sfbay.craigslist.org/sby/mob/d/sunnyvale-store-closeout-sale-all-must/6971771930.html,,,,$1,STORE CLOSEOUT SALE : All must go Mobile Cases for iPhone and Samsung
,,,,https://sfbay.craigslist.org/sby/mob/d/sunnyvale-branded-sup-mobile-case-for/6971771981.html,,,,$1,Branded sup mobile case for iPhone 7/8 /plus /xs/xs Max /XR
,,,,https://sfbay.craigslist.org/sby/mod/d/san-jose-computer-iphone-ipad/6973814398.html,,,,$0,"COMPUTER, IPHONE, IPAD, REPAIR,(15%OFF)UNLOCKING, IPHONE 4 SALE CALL ,"
,,,,https://sfbay.craigslist.org/scz/mob/d/ben-lomond-android-car-chargers-2/6970145243.html,,,,$10,Android Car Chargers-2
,,,,https://sfbay.craigslist.org/nby/mob/d/santa-rosa-bluetooth-wireless-iphone-5/6973776244.html,,,,$5,bluetooth wireless Iphone 5
,,,,https://sfbay.craigslist.org/eby/mob/d/pittsburg-iphone-case-screen-protector/6973767569.html,,,,$0,iPhone case & screen protector
,,,,https://sfbay.craigslist.org/eby/mob/d/fremont-get-iphone-unlock-in-or-out-of/6969504333.html,,,,$0,GET IPHONE UNLOCK IN OR OUT OF CONTRACT
,,,,https://sfbay.craigslist.org/sby/mod/d/san-jose-fix-computer-iphone-ipad-lg/6973718291.html,,,,$0,"fix computer, iphone, ipad, lg, moto,unlocking,iphone 4 sale call info"
,,,,https://sfbay.craigslist.org/sby/mob/d/los-gatos-youtube-tv/6970882727.html,,,,$1,YouTube TV
,,,,https://sfbay.craigslist.org/eby/mod/d/program-phones-activate-blocked-device/6973699143.html,,,,$0,PROGRAM PHONES ACTIVATE BLOCKED DEVICE NETWORK UNLOCK FINANCED LOCK
,,,,https://sfbay.craigslist.org/pen/mob/d/belmont-blackberry-charger-genuine-like/6973669088.html,,,,$5,Blackberry Charger - Genuine - Like NEW -
,,,,https://sfbay.craigslist.org/eby/mod/d/fremont-cellphone-repair/6973680098.html,,,,$0,cellphone repair
,,,,https://sfbay.craigslist.org/sfc/mob/d/san-francisco-iphone-adapter-cables/6973593398.html,,,,$0,iPhone adapter cables charging android x plug wholesale
,,,,https://sfbay.craigslist.org/nby/mob/d/rohnert-park-iphone-5s/6973650578.html,,,,$1,iPhone 5s
,,,,https://sfbay.craigslist.org/eby/mob/d/walnut-creek-one-stop-shop-for-apple/6973621340.html,,,,$1,One stop shop for Apple and Samsung repairs
,,,,https://sfbay.craigslist.org/sby/mod/d/san-jose-iphonescrenbatery-repairfree/6973637336.html,,,,$0,"iphone.scren,batery repair(free tamper glass)fix ipad,pc,mac,unlocking"
,,,,https://sfbay.craigslist.org/eby/mod/d/samsung-google-lock-account-unlock-frp/6973619781.html,,,,$0,SAMSUNG GOOGLE LOCK ACCOUNT UNLOCK FRP SOFTWARE FIX NO NETWORK PROBLEM
,,,,https://sfbay.craigslist.org/eby/mod/d/fremont-samsung-galaxy-phone-repair/6973608517.html,,,,$0,"Samsung Galaxy Phone Repair, iPhone Repair, LG Phone Repair. HTC Repai"
,,,,https://sfbay.craigslist.org/eby/mod/d/fremont-cell-phone-repair-iphone/6973606664.html,,,,$0,"CELL PHONE REPAIR/ iPHONE CRACKED SCREEN REPLACEMENT, SAMSUNG REPAIR"
,,,,https://sfbay.craigslist.org/eby/mod/d/fremont-iphone-repair-htc-phone-repair/6973604758.html,,,,$0,"iPhone Repair, HTC Phone Repair, LG Phone Repair"
,,,,https://sfbay.craigslist.org/sby/mod/d/fremont-iphone-repair-cell-phone-repair/6973600050.html,,,,$0,"iPhone Repair, Cell Phone Repair, Cracked Screen Repair, Samsung Galax"
,,,,https://sfbay.craigslist.org/sfc/mob/d/san-francisco-sandisk-sd-1tb/6973593794.html,,,,$1,sandisk sd 1tb
,,,,https://sfbay.craigslist.org/eby/mod/d/phone-unlock-flashing-jailbreak-network/6973589145.html,,,,$0,PHONE UNLOCK FLASHING JAILBREAK NETWORK UNLOCKING ACTIVATION ISSUE FIX
,,,,https://sfbay.craigslist.org/eby/mob/d/brand-new-telephone-hearing-impaired/6961253817.html,,,,$0,Brand new - Telephone hearing impaired - Clarity Professional XL40D
,,,,https://sfbay.craigslist.org/eby/mob/d/tyro-iphone-iphone-xs-glass-screen/6961260751.html,,,,$10,iPhone X/iPhone XS glass screen protector
,,,,https://sfbay.craigslist.org/eby/mob/d/pinole-brand-new-iphone-screen/6960833151.html,,,,$0,BRAND NEW - iPhone screen protectors and cases
,,,,https://sfbay.craigslist.org/sfc/mob/d/san-francisco-iphone-5-box/6969015800.html,,,,$5,IPhone 5 box
,,,,https://sfbay.craigslist.org/sfc/mob/d/san-francisco-iphone-7-box/6969015657.html,,,,$5,IPHONE 7 BOX
,,,,https://sfbay.craigslist.org/eby/mod/d/hayward-cell-phone-repair-best-prices/6973565499.html,,,,$0,Cell phone repair--BEST PRICES -unlocked phones LG APPLE SAMSUNG NOKI
,,,,https://sfbay.craigslist.org/sby/mob/d/dual-case-cover-for-apple-pad-mini/6964596654.html,,,,$10,Dual Case Cover For Apple I pad mini
,,,,https://sfbay.craigslist.org/sby/mod/d/san-jose-fix/6973561885.html,,,,$0,"fix computer,ipad,iphone,samsung,screen,batery,unlocking,iphone 4 sles"
,,,,https://sfbay.craigslist.org/sby/mob/d/sunnyvale-toddy-gear-cell-phone-wedge/6968659313.html,,,,$5,Toddy Gear Cell Phone Wedge Stand
,,,,https://sfbay.craigslist.org/sby/mob/d/san-jose-samsung-galaxy-s10-5g-used/6973542173.html,,,,$0,Samsung galaxy s10 5G used
,,,,https://sfbay.craigslist.org/eby/mob/d/danville-iphone-6s-7-8-clear-and-pink/6969998029.html,,,,$5,iPhone 6s/7/8 clear and pink  case
,,,,https://sfbay.craigslist.org/eby/mob/d/nokia-lumina-gig/6973492803.html,,,,$0,nokia lumina 1520 16 gig
,,,,https://sfbay.craigslist.org/sby/mod/d/san-jose-iphone-cracked-screen/6973485633.html,,,,$0,"iPhone Cracked Screen Replacement, Unlock, Battery Change..."
,,,,https://sfbay.craigslist.org/sfc/mob/d/san-francisco-sign-up-for-new-sprint/6962954850.html,,,,$0,Sign up for a new Sprint account and get $50 free
,,,,https://sfbay.craigslist.org/sfc/mob/d/san-francisco-apple-earphone/6961033208.html,,,,$10,Apple earphone
,,,,https://sfbay.craigslist.org/eby/mob/d/oakland-samsung-s9-plus-phone-case/6973388935.html,,,,$5,Samsung s9 plus phone case
,,,,https://sfbay.craigslist.org/eby/mob/d/union-city-samsung-galaxy-s5-accessories/6963571707.html,,,,$10,Samsung Galaxy S5 accessories
,,,,https://sfbay.craigslist.org/sby/mob/d/san-jose-iphone-5s-two-cases-one-clear/6970489046.html,,,,$7,Iphone 5s two cases one clear one black
,,,,https://sfbay.craigslist.org/sby/mob/d/san-jose-iphone-6-plus-2-case-black-and/6970488829.html,,,,$10,Iphone 6 plus 2 case black and red
,,,,https://sfbay.craigslist.org/sfc/mob/d/headsets-and-other-phone-accessories/6969109712.html,,,,$0,Headsets and other phone accessories
,,,,https://sfbay.craigslist.org/sby/mob/d/need-locked-samsung/6973280107.html,,,,$1,NEED LOCKED SAMSUNG!
,,,,https://sfbay.craigslist.org/eby/mob/d/vallejo-samsung-galaxy-j3-otterbox-zagg/6973269888.html,,,,$10,Samsung Galaxy J3 Otterbox + Zagg InvisibleShield
,,,,https://sfbay.craigslist.org/sby/mob/d/cupertino-new-sprint-4-in-1-sim-kit-for/6956708872.html,,,,$3,New Sprint 4-in-1 SIM Kit for Bring Your Own Phone
,,,,https://sfbay.craigslist.org/eby/mob/d/antioch-cell-phones/6973259992.html,,,,$0,CELL PHONES!
,,,,https://sfbay.craigslist.org/eby/mob/d/fremont-phone-unlocking-and-more-iphone/6962741582.html,,,,$0,Phone Unlocking and more iPhone screen fix > OPEN NOW
,,,,https://sfbay.craigslist.org/sfc/mob/d/san-francisco-note-10-or-s10/6961393066.html,,,,$0,Note 10 or S10
,,,,https://sfbay.craigslist.org/sby/mob/d/san-jose-samsung-galaxy-s10-5g-used/6973239884.html,,,,$0,Samsung galaxy s10 5G used
,,,,https://sfbay.craigslist.org/pen/mob/d/burlingame-pixel3-case/6970924198.html,,,,$5,Pixel3 case
,,,,https://sfbay.craigslist.org/sfc/mob/d/los-angeles-5-dollar-phones/6973208275.html,,,,$5,5 dollar phones
,,,,https://sfbay.craigslist.org/sfc/mob/d/los-angeles-5-dollar-phones/6973208275.html,,,,$5,5 dollar phones
,,,,https://sfbay.craigslist.org/eby/mod/d/iphone-battery-fix-screen-glass-unlock/6973160459.html,,,,$0,IPHONE BATTERY FIX SCREEN GLASS UNLOCK REPAIR ACTIVATE UNLOCKING PHONE
,,,,https://sfbay.craigslist.org/sby/mob/d/kyocera-rise-virgin-mobile-brand-new-in/6973158084.html,,,,$0,Kyocera Rise (Virgin Mobile) - Brand New in Factory Sealed Box
,,,,https://sfbay.craigslist.org/sby/mob/d/san-jose-iphone-8-8plus-6-6s-plus-7/6968898231.html,,,,$1,iPhone 8 8plus 6 6s plus 7 7plus
,,,,https://sfbay.craigslist.org/eby/mod/d/fremont-cell-phone-repair-iphone/6973145357.html,,,,$0,"CELL PHONE REPAIR/ iPHONE CRACKED SCREEN REPLACEMENT, SAMSUNG REPAIR"
,,,,https://sfbay.craigslist.org/sby/mob/d/sunnyvale-iphone-6s-plus-silicone-case/6973132820.html,,,,$10,iPhone 6S Plus Silicone Case Red - Brand New
,,,,https://sfbay.craigslist.org/sby/mod/d/san-jose-iphone-ipad-screen/6973117126.html,,,,$0,"iphone, ipad, screen repair,password, unlocking, iphone 4 sale call ,,"
,,,,https://sfbay.craigslist.org/sfc/mob/d/san-francisco-cell-phone-usb-car/6953486734.html,,,,$5,"Cell Phone USB Car Charger, Port Connector, USB cable,Screen Protector"
,,,,https://sfbay.craigslist.org/sby/mob/d/san-jose-black-flip-case-for-iphone-6s/6973063231.html,,,,$5,Black Flip Case for iPhone 6s Plus with card holder - NEW !!
,,,,https://sfbay.craigslist.org/sfc/mob/d/san-francisco-otterbox-google-pixel-5/6968889981.html,,,,$10,"OtterBox Google Pixel 5"" Commuter Series Case"
,,,,https://sfbay.craigslist.org/sby/mob/d/san-jose-glass-screen-protector-for/6973027869.html,,,,$10,Glass Screen Protector For Iphone XS MAX
,,,,https://sfbay.craigslist.org/eby/mob/d/iphone-6-plus-case-4-for-2/6973059624.html,,,,$4,iPhone 6 Plus Case $4 for 2
,,,,https://sfbay.craigslist.org/sby/mod/d/san-jose-fix-ipad-iphone-screen/6973051753.html,,,,$0,"fix ipad, iphone, screen, battery,charging port,password,as low as $39"
,,,,https://sfbay.craigslist.org/sby/mob/d/san-jose-original-samsung-earphones-for/6973027443.html,,,,$10,Original Samsung Earphones For Sale
,,,,https://sfbay.craigslist.org/sby/mob/d/san-jose-iphone-xs-hard-case-for-sale/6973028699.html,,,,$10,IPhone X/XS Hard Case For Sale
,,,,https://sfbay.craigslist.org/eby/mod/d/fremont-cracked-screen-replacement/6973027743.html,,,,$0,Cracked Screen Replacement ( APPLE ) SAMSUNG ( LG ) NOKIA
,,,,https://sfbay.craigslist.org/sby/mob/d/san-jose-tempered-glass-screen/6951973971.html,,,,$1,Tempered glass screen protector - iPhone SE
,,,,https://sfbay.craigslist.org/eby/mod/d/fix-lcd-glass-screen-repair-iphone/6973007561.html,,,,$0,FIX LCD GLASS SCREEN REPAIR IPHONE UNLOCK SAMSUNG SPRINT ATT TMOBILE
,,,,https://sfbay.craigslist.org/nby/mob/d/petaluma-huawei-oem-cell-phone-battery/6968257333.html,,,,$5,Huawei OEM cell phone battery
,,,,https://sfbay.craigslist.org/sby/mob/d/biuzko-glass-screen-pro-for-pixel-2/6972971180.html,,,,$5,Biuzko Glass Screen Pro for Pixel 2
,,,,https://sfbay.craigslist.org/sby/mod/d/san-jose-fix/6972963254.html,,,,$0,"FIX IPAD,IPHONE,SAMSUNG,MAC,PC,(15%OFF)IPHONE 4 SALE,UNLOCKING,& MORE"
,,,,https://sfbay.craigslist.org/eby/mob/d/lafayette-iphone-7/6968441829.html,,,,$0,iphone 7
,,,,https://sfbay.craigslist.org/eby/mob/d/brentwood-trade-xbox-controllers-for/6972919863.html,,,,$0,Trade Xbox controllers for Xbox one or iPhone 6
,,,,https://sfbay.craigslist.org/pen/mob/d/oakland-samsung-galaxy-note/6972873919.html,,,,$662588901,Samsung Galaxy Note 10+ $750
,,,,https://sfbay.craigslist.org/sfc/mob/d/vintage-phones-2-new-lg-samsung-kyocera/6958402801.html,,,,$0,"vintage phones: 2 new LG, Samsung, Kyocera Laylo and LG Trackphone"
,,,,https://sfbay.craigslist.org/eby/mob/d/berkeley-vena-iphone-8-7-plus-wallet/6968756895.html,,,,$6,Vena iPhone 8/7 Plus Wallet Case NEW
,,,,https://sfbay.craigslist.org/eby/mod/d/fremont-samsung-phon-repair-iphone/6972864590.html,,,,$0,"SAMSUNG PHON REPAIR/ iPHONE CRACKED SCREEN REPLACEMENT, SAMSUNG REPAIR"
,,,,https://sfbay.craigslist.org/eby/mod/d/fremont-iphone-repair-htc-phone-repair/6972862530.html,,,,$0,"iPhone Repair, HTC Phone Repair, LG Phone Repair"
,,,,https://sfbay.craigslist.org/eby/mod/d/fremont-cell-phone-repair-iphone/6972847446.html,,,,$0,"CELL PHONE REPAIR/ iPHONE CRACKED SCREEN REPLACEMENT, SAMSUNG REPAIR"
,,,,https://sfbay.craigslist.org/pen/mob/d/san-bruno-iphone-6-new-screen/6970687059.html,,,,$10,IPhone 6 new screen
,,,,https://sfbay.craigslist.org/eby/mod/d/hayward-cellphone-repair/6972794402.html,,,,$0,cellphone repair
,,,,https://sfbay.craigslist.org/eby/mob/d/pleasant-hill-mophie-juice-pack-apple/6952907583.html,,,,$0,Mophie Juice Pack Apple iPhone 4
,,,,https://sfbay.craigslist.org/pen/mob/d/san-mateo-iphone-xs-clear-case/6972618605.html,,,,$5,iPhone X/xs Clear Case
,,,,https://sfbay.craigslist.org/pen/mob/d/san-mateo-iphone-boxs/6972621181.html,,,,$5,iPhone X Boxs
,,,,https://sfbay.craigslist.org/sby/mob/d/san-jose-tempered-glass-screen/6972509301.html,,,,$5,Tempered Glass Screen Protector for Iphone X/XR/Xs Max
,,,,https://sfbay.craigslist.org/sby/mob/d/san-jose-iphone-soft-clear-case-new/6972500925.html,,,,$5,iPhone X - Soft Clear Case - NEW !!
,,,,https://sfbay.craigslist.org/sby/mob/d/san-jose-iphone-xs-soft-clear-case-new/6972501487.html,,,,$7,iPhone Xs - Soft Clear Case - NEW !!
,,,,https://sfbay.craigslist.org/eby/mob/d/pittsburg-iphone-7plus-case/6967609075.html,,,,$10,iPhone 7plus Case
,,,,https://sfbay.craigslist.org/sby/mob/d/san-jose-iphone-8-soft-clear-case-new/6972501136.html,,,,$5,iPhone 8 - Soft Clear Case - NEW !!
,,,,https://sfbay.craigslist.org/sby/mob/d/san-jose-iphone-6s-plus-soft-clear-case/6972501018.html,,,,$5,iPhone 6s PLUS - Soft Clear Case - NEW !!
,,,,https://sfbay.craigslist.org/sby/mob/d/sunnyvale-high-quality-brand-new/6972489382.html,,,,$2,High quality brand new tempered glass 9H
,,,,https://sfbay.craigslist.org/sby/mob/d/san-jose-iphone-7-plus-soft-clear-case/6972501280.html,,,,$5,iPhone 7 PLUS - Soft Clear Case - NEW !!
,,,,https://sfbay.craigslist.org/sby/mob/d/san-jose-black-flip-case-for-iphone-6s/6972504997.html,,,,$5,Black Flip Case for iPhone 6s Plus with card holder - NEW !!
,,,,https://sfbay.craigslist.org/eby/mob/d/high-quality-tempered-glass-screen/6972489265.html,,,,$2,High quality tempered glass screen protector for iPhone 7 7 plus
,,,,https://sfbay.craigslist.org/sby/mob/d/santa-clara-iphone-xs-max-512g-silver/6972461640.html,,,,$1150,IPhone XS Max 512G Silver Factory Unlocked Excellent + Apple Care
,,,,https://sfbay.craigslist.org/eby/mob/d/orinda-iphone-7-8-new-phone-cases/6972489791.html,,,,$5,iPhone 7/8 new phone cases
,,,,https://sfbay.craigslist.org/sby/mob/d/san-jose-blackberry-mini-usb-travel/6966059387.html,,,,$0,Blackberry Mini USB Travel Charger ASY-12709-001
,,,,https://sfbay.craigslist.org/sby/mob/d/shell-hoster-combo-for-apple-iphone/6962226590.html,,,,$5,Shell Hoster Combo for Apple iPhone
,,,,https://sfbay.craigslist.org/sby/mob/d/shell-hoster-combo-for-apple-iphone/6954376339.html,,,,$5,Shell Hoster Combo for Apple iPhone
,,,,https://sfbay.craigslist.org/sby/mob/d/jawbone-bluetooth/6962277358.html,,,,$10,Jawbone Bluetooth
,,,,https://sfbay.craigslist.org/sby/mob/d/santa-clara-iphone-xs-max-512g-space/6972458828.html,,,,$1150,IPhone XS Max 512G Space Grey Factory Unlocked Like New
,,,,https://sfbay.craigslist.org/eby/mob/d/danville-rolling-loud-wristbands-ga-vip/6972417154.html,,,,$1200,Rolling loud wristbands GA VIP
,,,,https://sfbay.craigslist.org/eby/mob/d/danville-rolling-loud-wristbands-ga-vip/6972417041.html,,,,$1200,Rolling loud wristbands GA VIP
,,,,https://sfbay.craigslist.org/sby/mod/d/san-jose-new-samsung-inventory-every/6972372617.html,,,,$0,NEW SAMSUNG INVENTORY EVERY WEEK AT HAPPY PHONE WIRELESS
,,,,https://sfbay.craigslist.org/sby/mob/d/sunnyvale-iphone-6s-case/6966516760.html,,,,$4,iphone 6s case
,,,,https://sfbay.craigslist.org/sby/mob/d/sunnyvale-iphone-i6-i7-cell-phone-case/6951286697.html,,,,$5,Iphone i6-i7: Cell Phone Case 6 1/2x 3 1/4 size
,,,,https://sfbay.craigslist.org/sby/mob/d/iphone-6-plus-6s-plus-cover/6972335718.html,,,,$10,iphone 6 plus 6s plus cover
,,,,https://sfbay.craigslist.org/sby/mod/d/san-jose-fix-iphonescreen-plus-65-fix/6972334377.html,,,,$0,"fix iphone,screen,7 $55,6 $39, 7,8plus $65, fix ipad,mac,pc, unlocking"
,,,,https://sfbay.craigslist.org/sby/mob/d/san-francisco-we-iphone-repair-samsung/6969144672.html,,,,$0,We iPhone Repair Samsung iPad Any Type of Phone and Models
,,,,https://sfbay.craigslist.org/eby/mod/d/fremont-cracked-screen-replacement/6972317109.html,,,,$0,Cracked Screen Replacement ( APPLE ) SAMSUNG ( LG ) NOKIA
,,,,https://sfbay.craigslist.org/sby/mob/d/santa-clara-armband-case-iphone-or/6963060242.html,,,,$10,"Armband Case iPhone X, 8, 7, 6, or Samsung Galaxy S9, S8, S7, S6"
,,,,https://sfbay.craigslist.org/sby/mob/d/san-francisco-we-iphone-repair-samsung/6969144666.html,,,,$0,We iPhone Repair Samsung iPad Any Type of Phone and Models
,,,,https://sfbay.craigslist.org/sby/mob/d/san-francisco-we-iphone-repair-samsung/6969144625.html,,,,$0,We iPhone Repair Samsung iPad Any Type of Phone and Models
,,,,https://sfbay.craigslist.org/sby/mob/d/san-jose-phone-car-dash-mount/6956378129.html,,,,$3,Phone Car Dash Mount
,,,,https://sfbay.craigslist.org/sfc/mob/d/san-francisco-galaxy-s8-2x-spigen/6965382629.html,,,,$5,galaxy s8+ 2x spigen screen protector
,,,,https://sfbay.craigslist.org/sby/mod/d/san-jose-buy-selltrade-happy-phone/6972214228.html,,,,$0,BUY. SELL.TRADE HAPPY PHONE WIRELESS CALL US NOW
,,,,https://sfbay.craigslist.org/eby/mod/d/fremont-repair-fix-cell-phones-computer/6972189818.html,,,,$0,REPAIR/FIX CELL PHONES & COMPUTER/ UNLOCKING
,,,,https://sfbay.craigslist.org/eby/mod/d/phone-programming-technician-service/6972171969.html,,,,$0,PHONE PROGRAMMING TECHNICIAN SERVICE PROGRAM IPHONE SAMSUNG LOCK PHONE
,,,,https://sfbay.craigslist.org/eby/mob/d/fremont-speck-samsung-galaxy-s9-case/6972163822.html,,,,$10,Speck Samsung Galaxy S9 Case
,,,,https://sfbay.craigslist.org/eby/mob/d/fremont-speck-samsung-galaxy-s9-case/6972163536.html,,,,$10,Speck Samsung Galaxy S9 Case
,,,,https://sfbay.craigslist.org/sfc/mob/d/san-francisco-mobile-prepaid-sim-card/6972152291.html,,,,$10,T-Mobile prepaid SIM card with 2GB
,,,,https://sfbay.craigslist.org/sby/mod/d/san-jose-iphone-ipad-samsung-lg/6972147250.html,,,,$0,"IPHONE, IPAD, SAMSUNG, LG, SCREEN,BATTERY(15%OFF)FIX MAC, PC,UNLOCKING"
,,,,https://sfbay.craigslist.org/sfc/mob/d/san-jose-cellphone-samsung-iphone/6972031170.html,,,,$0,"CELLPHONE-SAMSUNG-IPHONE 6,7,8,PLUS-X,IPAD-UNLOCK-COMPUTER REPAIR"
,,,,https://sfbay.craigslist.org/sfc/mob/d/san-jose-cellphone-samsung-iphone/6972031160.html,,,,$0,"CELLPHONE-SAMSUNG-IPHONE 6,7,8,PLUS-X,IPAD-UNLOCK-COMPUTER REPAIR"
,,,,https://sfbay.craigslist.org/eby/mod/d/phone-unlock-flashing-jailbreak-network/6972100751.html,,,,$0,PHONE UNLOCK FLASHING JAILBREAK NETWORK UNLOCKING ACTIVATION ISSUE FIX
,,,,https://sfbay.craigslist.org/pen/mob/d/iwatch-cover-42mm-gold-color/6972092955.html,,,,$10,IWATCH COVER 42MM - GOLD color
,,,,https://sfbay.craigslist.org/eby/mod/d/hayward-cell-phone-repair-best-prices/6972086419.html,,,,$0,Cell phone repair--BEST PRICES -unlocked phones LG APPLE SAMSUNG NOKI
,,,,https://sfbay.craigslist.org/sby/mod/d/san-jose-any-iphoneipad-samsung-screen/6972052627.html,,,,$0,"ANY IPHONE,IPAD, SAMSUNG, SCREEN, REPAIR %15 OFF,FIX MAC, PC, UNLOCKIN"
,,,,https://sfbay.craigslist.org/eby/mob/d/fremont-otterbox-defender-for-iphone-6s/6972002457.html,,,,$5,Otterbox Defender for iPhone 6S
,,,,https://sfbay.craigslist.org/eby/mod/d/fremont-samsung-galaxy-phone-repair/6971978432.html,,,,$0,"Samsung Galaxy Phone Repair, iPhone Repair, LG Phone Repair. HTC Repai"
,,,,https://sfbay.craigslist.org/eby/mod/d/fremont-iphone-repair-htc-phone-repair/6971972453.html,,,,$0,"iPhone Repair, HTC Phone Repair, LG Phone Repair"
,,,,https://sfbay.craigslist.org/eby/mod/d/fremont-cell-phone-repair-iphone/6971968159.html,,,,$0,"CELL PHONE REPAIR/ iPHONE CRACKED SCREEN REPLACEMENT, SAMSUNG REPAIR"
,,,,https://sfbay.craigslist.org/sby/mod/d/fremont-iphone-repair-cell-phone-repair/6971967384.html,,,,$0,"iPhone Repair, Cell Phone Repair, Cracked Screen Repair, Samsung Galax"
,,,,https://sfbay.craigslist.org/sfc/mob/d/san-francisco-original-genuine-oem-12w/6971947923.html,,,,$10,Original Genuine OEM 12W USB Power Adapter Wall Charger for Apple iPad 2 3 4 Air
,,,,https://sfbay.craigslist.org/eby/mob/d/livermore-unlocked-for-any-sim-card/6969741755.html,,,,$0,Unlocked for any SIM card!! Apple Iphone !!! In box!!!
,,,,https://sfbay.craigslist.org/sfc/mob/d/san-francisco-apple-iphone-xs-max-256/6971766783.html,,,,$1250,Apple iPhone XS Max 256 GB Space Gray - BRAND NEW - Carrier Unlocked
,,,,https://sfbay.craigslist.org/sfc/mob/d/san-francisco-brand-new-slim-silicone/6966305126.html,,,,$3,Brand New Slim Silicone Soft TPU Case Cover Skin For iPhone 8s Plus
,,,,https://sfbay.craigslist.org/sfc/mob/d/san-francisco-brand-new-slim-silicone/6966304391.html,,,,$3,Brand New Slim Silicone Soft TPU Case Cover Skin For iPhone 7s Plus
,,,,https://sfbay.craigslist.org/sfc/mob/d/san-francisco-brand-new-slim-silicone/6966304347.html,,,,$3,Brand New Slim Silicone Soft TPU Case Cover Skin For iPhone 6s PlusRed
,,,,https://sfbay.craigslist.org/sfc/mob/d/san-francisco-brand-new-slim-silicone/6966304297.html,,,,$3,Brand New Slim Silicone Soft TPU Case Cover Skin For iPhone 6s plus
,,,,https://sfbay.craigslist.org/eby/mob/d/albany-spigen-samsung-galaxy-s9-s9-plus/6971701297.html,,,,$5,Spigen Samsung Galaxy S9+ / S9 plus
,,,,https://sfbay.craigslist.org/eby/mob/d/livermore-nexus-5x-replacement-screen/6971685189.html,,,,$10,Nexus 5X Replacement Screen
,,,,https://sfbay.craigslist.org/eby/mob/d/hayward-hp-speakers/6953210729.html,,,,$10,HP speakers
,,,,https://sfbay.craigslist.org/sby/mod/d/san-jose-any-iphone-screen/6971614365.html,,,,$0,"any iphone screen repair(15%off)fix computer,mac,pc, fix ipad screen,"
,,,,https://sfbay.craigslist.org/eby/mod/d/fremont-cracked-screen-replacement/6971609261.html,,,,$0,Cracked Screen Replacement ( APPLE ) SAMSUNG ( LG ) NOKIA
,,,,https://sfbay.craigslist.org/pen/mob/d/sunnyvale-iphone-7-iphone-6s-unlocked/6963027450.html,,,,$1,iPhone 7 - iPhone 6S+ (Unlocked)
,,,,https://sfbay.craigslist.org/sby/mob/d/sunnyvale-iphone-7-iphone-6s-factory/6963029463.html,,,,$1,iPhone 7 - iPhone 6S+ (Factory Unlocked)
,,,,https://sfbay.craigslist.org/sfc/mob/d/palm-accessories-for-centro-pixi-pre/6971521181.html,,,,$5,PALM ACCESSORIES for Centro / Pixi / Pre
,,,,https://sfbay.craigslist.org/sby/mod/d/san-jose-iphone-ipad-scren-repairfree/6971516066.html,,,,$0,"IPHONE, IPAD, SCREN REPAIR(FREE TAMPER GLASS)UNLOCKING, IPHONE 4 SALE,"
,,,,https://sfbay.craigslist.org/eby/mod/d/fremont-iphone-repair-htc-phone-repair/6971446062.html,,,,$0,"iPhone Repair, HTC Phone Repair, LG Phone Repair"
,,,,https://sfbay.craigslist.org/eby/mod/d/fremont-cell-phone-repair-iphone/6971444767.html,,,,$0,"CELL PHONE REPAIR/ iPHONE CRACKED SCREEN REPLACEMENT, SAMSUNG REPAIR"
,,,,https://sfbay.craigslist.org/sby/mod/d/fremont-iphone-repair-cell-phone-repair/6971443835.html,,,,$0,"iPhone Repair, Cell Phone Repair, Cracked Screen Repair, Samsung Galax"
,,,,https://sfbay.craigslist.org/eby/mob/d/pleasanton-apple-mini-displayport-to/6971432743.html,,,,$8,Apple Mini DisplayPort to DVI Adapter
,,,,https://sfbay.craigslist.org/sby/mob/d/san-jose-iphone-xs-256gb-space-gray/6971430275.html,,,,$1125,Iphone XS 256GB Space Gray - Unlocked - Brand New in Box
,,,,https://sfbay.craigslist.org/sby/mob/d/san-jose-trianium-clarium-case-designed/6971408664.html,,,,$8,Trianium Clarium Case Designed for Galaxy S10 5G Case (2019)
,,,,https://sfbay.craigslist.org/eby/mob/d/pleasanton-apple-earphone/6971407613.html,,,,$10,Apple Earphone
,,,,https://sfbay.craigslist.org/nby/mob/d/san-rafael-macally-suction-cup-mount/6971401707.html,,,,$10,Macally - Suction Cup Mount - For Cell Phones & GPS - ( New)
,,,,https://sfbay.craigslist.org/eby/mod/d/fremont-cracked-screen-replacement/6971396938.html,,,,$0,Cracked Screen Replacement ( APPLE ) SAMSUNG ( LG ) NOKIA
,,,,https://sfbay.craigslist.org/sby/mob/d/san-jose-lexus-luxury-2007-es350-97k/6959273429.html,,,,$7300,Lexus Luxury 2007 ES350 97K Mileage Clean Tittle
,,,,https://sfbay.craigslist.org/sby/mob/d/san-jose-2007-lexus-luxury-es350-97k/6959274253.html,,,,$7500,2007 Lexus Luxury ES350 97K Miledge Clean Tittle Automatic 2nd Owner
,,,,https://sfbay.craigslist.org/sby/mod/d/san-jose-fix/6971291928.html,,,,$0,"FIX IPAD,IPHONE,SAMSUNG,MAC,PC,(15%OFF)IPHONE 4 SALE,UNLOCKING,& MORE"
,,,,https://sfbay.craigslist.org/eby/mob/d/dublin-note-9-note-10/6971027421.html,,,,$1800,Note 9. Note 10+
,,,,https://sfbay.craigslist.org/eby/mod/d/fremont-iphone-repair-htc-phone-repair/6971026960.html,,,,$0,"iPhone Repair, HTC Phone Repair, LG Phone Repair"
,,,,https://sfbay.craigslist.org/eby/mod/d/fremont-cell-phone-repair-iphone/6971026750.html,,,,$0,"CELL PHONE REPAIR/ iPHONE CRACKED SCREEN REPLACEMENT, SAMSUNG REPAIR"
,,,,https://sfbay.craigslist.org/sby/mob/d/san-jose-used-lg-430-trac-phone/6971007376.html,,,,$1,Used LG 430 Trac Phone
,,,,https://sfbay.craigslist.org/sby/mob/d/mobile-nokia-3595/6970978967.html,,,,$1,T-Mobile Nokia 3595
,,,,https://sfbay.craigslist.org/sfc/mob/d/san-francisco-brand-new-iphone-8-plus/6963681931.html,,,,$10,BRAND NEW iPhone 8 Plus Cases
,,,,https://sfbay.craigslist.org/eby/mob/d/san-leandro-unlock-att-sprint-mobile/6970885853.html,,,,$0,Unlock Att Sprint T-mobile Metro iPhone 6 6+ 6S 6S+ SE 7 7+ 8 8+ X XS
,,,,https://sfbay.craigslist.org/sby/mob/d/cell-phone-charger-usb-type/6970907855.html,,,,$5,Cell phone charger USB type C
,,,,https://sfbay.craigslist.org/sby/mod/d/san-jose-we-repair-all-iphone-screen/6970890638.html,,,,$0,"we repair all iphone screen, x $129, max $319, iphone 8.7 plus $65,"
,,,,https://sfbay.craigslist.org/eby/mod/d/fremont-repair-fix-cell-phones-computer/6970875563.html,,,,$0,REPAIR/FIX CELL PHONES & COMPUTER/ UNLOCKING
,,,,https://sfbay.craigslist.org/eby/mod/d/hardware-software-problem-with-iphone/6970852533.html,,,,$0,HARDWARE SOFTWARE PROBLEM WITH IPHONE BOOT LOOP HOME BUTTON SCREEN FIX
,,,,https://sfbay.craigslist.org/sby/mob/d/various-samsung-galaxy-phone-cases/6966852939.html,,,,$10,"Various Samsung Galaxy phone cases (S2,S4,Note3) & PalmPre Accessories"
,,,,https://sfbay.craigslist.org/sby/mod/d/san-jose-ipad-mac-iphone-screen-batery/6970810926.html,,,,$0,"IPAD , MAC, IPHONE, SCREEN, BATERY REPAIR.FIX MAC, PC, IPHONE 4 SALE C"
,,,,https://sfbay.craigslist.org/eby/mod/d/fremont-repair-fix-cell-phones-computer/6970774335.html,,,,$0,REPAIR/FIX CELL PHONES & COMPUTER/ UNLOCKING
,,,,https://sfbay.craigslist.org/sby/mob/d/san-jose-iphone-samsung-laptop-unlock/6970743995.html,,,,$0,"IPHONE SAMSUNG LAPTOP ! Unlock iPhone Charging Port, lcd Screen Repair"
,,,,https://sfbay.craigslist.org/sby/mob/d/san-jose-iphone-samsung-laptop-unlock/6970743896.html,,,,$0,"IPHONE SAMSUNG LAPTOP ! Unlock iPhone Charging Port, lcd Screen Repair"
,,,,https://sfbay.craigslist.org/sby/mob/d/san-jose-iphone-samsung-laptop-unlock/6970743965.html,,,,$0,"IPHONE SAMSUNG LAPTOP ! Unlock iPhone Charging Port, lcd Screen Repair"
,,,,https://sfbay.craigslist.org/sby/mob/d/san-jose-iphone-samsung-laptop-unlock/6970743931.html,,,,$0,"IPHONE SAMSUNG LAPTOP ! Unlock iPhone Charging Port, lcd Screen Repair"
,,,,https://sfbay.craigslist.org/sby/mod/d/san-jose-unlockingfix-ipadiphonesamsung/6970724538.html,,,,$0,"unlocking,fix ipad,iphone,samsung, screen as low as $39,iphone 4 sale"
,,,,https://sfbay.craigslist.org/eby/mod/d/iphone-battery-fix-screen-glass-unlock/6970650914.html,,,,$0,IPHONE BATTERY FIX SCREEN GLASS UNLOCK REPAIR ACTIVATE UNLOCKING PHONE
,,,,https://sfbay.craigslist.org/eby/mod/d/fremont-cracked-screen-replacement/6970631593.html,,,,$0,Cracked Screen Replacement ( APPLE ) SAMSUNG ( LG ) NOKIA
,,,,https://sfbay.craigslist.org/sby/mod/d/fremont-ipad-repair-cell-phone-repair/6970624324.html,,,,$0,"iPad Repair, Cell Phone Repair, Cracked Screen Repair, Samsung Galax"
,,,,https://sfbay.craigslist.org/eby/mod/d/fremont-samsung-galaxy-phone-repair/6970623642.html,,,,$0,"Samsung Galaxy Phone Repair, iPhone Repair, LG Phone Repair. HTC Repai"
,,,,https://sfbay.craigslist.org/eby/mod/d/fremont-iphone-repair-htc-phone-repair/6970622599.html,,,,$0,"iPhone Repair, HTC Phone Repair, LG Phone Repair"
,,,,https://sfbay.craigslist.org/eby/mod/d/fremont-cell-phone-repair-iphone/6970620555.html,,,,$0,"CELL PHONE REPAIR/ iPHONE CRACKED SCREEN REPLACEMENT, SAMSUNG REPAIR"
,,,,https://sfbay.craigslist.org/eby/mob/d/fresno-1987-ford-150/6970575434.html,,,,$3000,1987 Ford f-150
,,,,https://sfbay.craigslist.org/eby/mod/d/hayward-cell-phone-repair-best-prices/6970532373.html,,,,$0,Cell phone repair--BEST PRICES -unlocked phones LG APPLE SAMSUNG NOKI
,,,,https://sfbay.craigslist.org/sby/mod/d/san-jose/6970526674.html,,,,$0,"fix,iphone,ipad,samsung,lg,scren,charging port,batery(15%off)unlocking"
,,,,https://sfbay.craigslist.org/sby/mod/d/san-jose-repair-iphoneipad-mac-screen/6970042794.html,,,,$0,"repair iphone,ipad, mac, screen, battery,charging port, iphone  4 sale"
,,,,https://sfbay.craigslist.org/eby/mod/d/phone-unlock-flashing-jailbreak-network/6970017126.html,,,,$0,PHONE UNLOCK FLASHING JAILBREAK NETWORK LOCK ACTIVATION LOCKED FIX
,,,,https://sfbay.craigslist.org/sby/mod/d/san-jose-fix-all-ipadiphone-samsung/6969916125.html,,,,$0,"fix all ipad,iphone, samsung, lg,screen, batery&more(15%off)unlocking,"
,,,,https://sfbay.craigslist.org/eby/mod/d/repair-iphone-battery-fix-screen-glass/6969883784.html,,,,$0,REPAIR IPHONE BATTERY FIX SCREEN GLASS UNLOCK ACTIVATE SAMSUNG PHONE
,,,,https://sfbay.craigslist.org/sby/mod/d/san-jose-we-repair-all-iphone-ipad/6969817958.html,,,,$0,"WE REPAIR ALL IPHONE, IPAD SCREEN(15 %OFF)FIX COMPUTER,IPHONE FOR SALE"
,,,,https://sfbay.craigslist.org/eby/mod/d/iphone-battery-fix-screen-glass-unlock/6969358592.html,,,,$0,IPHONE BATTERY FIX SCREEN GLASS UNLOCK REPAIR ACTIVATE UNLOCKING PHONE
,,,,https://sfbay.craigslist.org/eby/mod/d/fremont-cell-phone-repair-iphone/6969261703.html,,,,$0,"CELL PHONE REPAIR/ iPHONE CRACKED SCREEN REPLACEMENT, SAMSUNG REPAIR"
,,,,https://sfbay.craigslist.org/eby/mod/d/fremont-iphone-repair-htc-phone-repair/6969254783.html,,,,$0,"iPhone Repair, HTC Phone Repair, LG Phone Repair"
,,,,https://sfbay.craigslist.org/sby/mod/d/fremont-iphone-repair-cell-phone-repair/6969254018.html,,,,$0,"iPhone Repair, Cell Phone Repair, Cracked Screen Repair, Samsung Galax"
,,,,https://sfbay.craigslist.org/eby/mod/d/fremont-cracked-screen-replacement/6968901321.html,,,,$0,Cracked Screen Replacement ( APPLE ) SAMSUNG ( LG ) NOKIA
,,,,https://sfbay.craigslist.org/eby/mod/d/bring-your-own-device-and-let-us/6968890150.html,,,,$0,BRING YOUR OWN DEVICE AND LET US ACTIVATE IT - EVEN IF YOU ARE BLOCKED
,,,,https://sfbay.craigslist.org/sby/mod/d/san-jose-iphone-screen-repair-plus/6968845344.html,,,,$0,"IPHONE SCREEN REPAIR, 7,8 $55,6 $40,8,7 PLUS $65,FIX IPAD, UNLOCKING"
,,,,https://sfbay.craigslist.org/sby/mod/d/fremont-cracked-screen-replacement/6968802570.html,,,,$0,Cracked Screen Replacement ( APPLE ) SAMSUNG ( LG ) NOKIA
,,,,https://sfbay.craigslist.org/eby/mod/d/samsung-google-lock-account-unlock-frp/6968784021.html,,,,$0,SAMSUNG GOOGLE LOCK ACCOUNT UNLOCK FRP SOFTWARE FIX NO NETWORK PROBLEM
,,,,https://sfbay.craigslist.org/eby/mod/d/fremont-cell-phone-repair-best-prices/6968775378.html,,,,$0,Cell phone repair--BEST PRICES IN TOWN
,,,,https://sfbay.craigslist.org/eby/mod/d/cell-phone-unlock-code-carrier/6968738265.html,,,,$0,CELL PHONE UNLOCK CODE CARRIER UNLOCKING IPHONE REPAIR UNBLOCK PHONE
,,,,https://sfbay.craigslist.org/sby/mod/d/fremont-iphone-repair-cell-phone-repair/6968712965.html,,,,$0,"iPhone Repair, Cell Phone Repair, Cracked Screen Repair, Samsung Galax"
,,,,https://sfbay.craigslist.org/sby/mod/d/san-jose-fix/6968691999.html,,,,$0,"FIX IPAD,IPHONE,SAMSUNG,MAC,PC,(15%OFF)IPHONE 4 SALE,UNLOCKING,& MORE"
,,,,https://sfbay.craigslist.org/eby/mod/d/hayward-cellphone-repair/6968677009.html,,,,$0,cellphone repair
,,,,https://sfbay.craigslist.org/sby/mod/d/fremont-iphone-repair-cell-phone-repair/6968392228.html,,,,$0,"iPhone Repair, Cell Phone Repair, Cracked Screen Repair, Samsung Galax"
,,,,https://sfbay.craigslist.org/eby/mod/d/iphone-battery-fix-screen-glass-unlock/6968319997.html,,,,$0,IPHONE BATTERY FIX SCREEN GLASS UNLOCK REPAIR + UNLOCKING CELL PHONE
,,,,https://sfbay.craigslist.org/eby/mod/d/fremont-cracked-screen-replacement/6968315939.html,,,,$0,Cracked Screen Replacement ( APPLE ) SAMSUNG ( LG ) NOKIA
,,,,https://sfbay.craigslist.org/sby/mod/d/san-jose-we-repair-all-iphone-ipad/6968295752.html,,,,$0,"WE REPAIR ALL IPHONE, IPAD SCREEN(15 %OFF)FIX COMPUTER,IPHONE FOR SALE"
,,,,https://sfbay.craigslist.org/sby/mod/d/san-jose-unlockingfix-iphoneipad-macpc/6968255196.html,,,,$0,"unlocking,fix iphone,ipad, mac,pc, screen,batery, port as low as $39,"
,,,,https://sfbay.craigslist.org/eby/mod/d/fremont-cracked-screen-replacement/6968213452.html,,,,$0,Cracked Screen Replacement ( APPLE ) SAMSUNG ( LG ) NOKIA
,,,,https://sfbay.craigslist.org/eby/mod/d/fremont-iphone-repair-htc-phone-repair/6968189346.html,,,,$0,"iPhone Repair, HTC Phone Repair, LG Phone Repair"
,,,,https://sfbay.craigslist.org/sby/mod/d/fremont-iphone-repair-cell-phone-repair/6968188563.html,,,,$0,"iPhone Repair, Cell Phone Repair, Cracked Screen Repair, Samsung Galax"
,,,,https://sfbay.craigslist.org/eby/mod/d/google-lock-unlock-samsung-account-lock/6968170550.html,,,,$0,GOOGLE LOCK ↹ UNLOCK SAMSUNG ACCOUNT LOCK FIX SOFTWARE REPAIR ACTIVATE
,,,,https://sfbay.craigslist.org/sby/mod/d/san-jose-ipad-iphonemac-screen-repair/6968079883.html,,,,$0,"IPAD, IPHONE,MAC, SCREEN REPAIR, PASSWORD, UNLOCKING, IPHONE FOR SALE,"
,,,,https://sfbay.craigslist.org/eby/mod/d/iphone-battery-fix-screen-glass-unlock/6968065946.html,,,,$0,IPHONE BATTERY FIX SCREEN GLASS UNLOCK REPAIR ACTIVATE UNLOCKING PHONE
,,,,https://sfbay.craigslist.org/eby/mod/d/hayward-cellphone-repair/6968026047.html,,,,$0,cellphone repair
,,,,https://sfbay.craigslist.org/eby/mod/d/hayward-cellphone-repair/6968011557.html,,,,$0,cellphone repair
,,,,https://sfbay.craigslist.org/sby/mod/d/san-jose-ipadiphone-screen-repair-15/6967994014.html,,,,$0,"ipad,iphone screen repair (15% off)fix pc,mac. unlocking,iphone 4 sale"
,,,,https://sfbay.craigslist.org/eby/mod/d/fremont-samsung-galaxy-phone-repair/6967967196.html,,,,$0,"Samsung Galaxy Phone Repair, iPhone Repair, LG Phone Repair. HTC Repai"
,,,,https://sfbay.craigslist.org/eby/mod/d/fremont-cell-phone-repair-iphone/6967964185.html,,,,$0,"CELL PHONE REPAIR/ iPHONE CRACKED SCREEN REPLACEMENT, SAMSUNG REPAIR"
,,,,https://sfbay.craigslist.org/eby/mod/d/fremont-iphone-repair-htc-phone-repair/6967963546.html,,,,$0,"iPhone Repair, HTC Phone Repair, LG Phone Repair"
,,,,https://sfbay.craigslist.org/eby/mod/d/cell-phone-unlock-code-carrier/6967632875.html,,,,$0,CELL PHONE UNLOCK CODE CARRIER UNLOCKING IPHONE REPAIR UNBLOCK PHONE
,,,,https://sfbay.craigslist.org/sby/mod/d/san-jose-we-fix-macpchardwere/6967561484.html,,,,$0,"we fix , mac,pc,hardwere, softwere,and more. we fix all iphones,SCREEN"
,,,,https://sfbay.craigslist.org/eby/mod/d/fremont-cell-phone-repair/6967520851.html,,,,$0,CELL PHONE REPAIR
,,,,https://sfbay.craigslist.org/sby/mod/d/san-jose-mac-pc-iphone-ipad-samsung/6967486488.html,,,,$0,"MAC, PC, IPHONE, IPAD, SAMSUNG REPAIR, SCREN, BATERY, IPHONE 4 SALE..S"
,,,,https://sfbay.craigslist.org/sby/mod/d/san-jose-iphone-ipad-scren-repairfree/6967436997.html,,,,$0,"IPHONE, IPAD, SCREN REPAIR(FREE TAMPER GLASS)UNLOCKING, IPHONE 4 SALE,"
,,,,https://sfbay.craigslist.org/eby/mod/d/fremont-cracked-screen-replacement/6967377684.html,,,,$0,Cracked Screen Replacement ( APPLE ) SAMSUNG ( LG ) NOKIA
,,,,https://sfbay.craigslist.org/sby/mod/d/san-jose-iphone-screen-repair-plus/6967364187.html,,,,$0,"IPHONE SCREEN REPAIR, 7,8 $55,6 $40,8,7 PLUS $65,FIX IPAD, UNLOCKING,,"
,,,,https://sfbay.craigslist.org/eby/mod/d/fremont-samsung-galaxy-phone-repair/6967338677.html,,,,$0,"Samsung Galaxy Phone Repair, iPhone Repair, LG Phone Repair. HTC Repai"
,,,,https://sfbay.craigslist.org/eby/mod/d/fremont-iphone-repair-htc-phone-repair/6967337941.html,,,,$0,"iPhone Repair, HTC Phone Repair, LG Phone Repair"
,,,,https://sfbay.craigslist.org/eby/mod/d/fremont-cell-phone-repair-iphone/6967336297.html,,,,$0,"CELL PHONE REPAIR/ iPHONE CRACKED SCREEN REPLACEMENT, SAMSUNG REPAIR"
,,,,https://sfbay.craigslist.org/sby/mod/d/fremont-iphone-repair-cell-phone-repair/6967335473.html,,,,$0,"iPhone Repair, Cell Phone Repair, Cracked Screen Repair, Samsung Galax"
,,,,https://sfbay.craigslist.org/sby/mod/d/san-jose-unlocking-fix-ipad-iphone/6967293045.html,,,,$0,"unlocking, fix ipad, iphone, samsung,screen,battery,iphone 4 sale&more"
,,,,https://sfbay.craigslist.org/eby/mod/d/iphone-battery-fix-screen-glass-unlock/6967292304.html,,,,$0,IPHONE BATTERY FIX SCREEN GLASS UNLOCK REPAIR ACTIVATE UNLOCKING PHONE
,,,,https://sfbay.craigslist.org/eby/mod/d/fremont-cracked-screen-replacement/6966902321.html,,,,$0,Cracked Screen Replacement ( APPLE ) SAMSUNG ( LG ) NOKIA
,,,,https://sfbay.craigslist.org/sby/mod/d/san-jose-fix-iphone-screen-plus-ipad/6966792459.html,,,,$0,"FIX IPHONE SCREEN,7,8 $55. 7,8PLUS $65, 6 $40. IPAD SCR, AIR 5,6,1 $75"
,,,,https://sfbay.craigslist.org/eby/mod/d/fremont-cracked-screen-replacement/6966792250.html,,,,$0,Cracked Screen Replacement ( APPLE ) SAMSUNG ( LG ) NOKIA
,,,,https://sfbay.craigslist.org/eby/mod/d/antioch-like-new-certified-pre-owned/6966735178.html,,,,$0,Like New - Certified Pre-Owned Devices
,,,,https://sfbay.craigslist.org/sby/mod/d/san-jose-any-iphoneipad-samsung-screen/6966676311.html,,,,$0,"ANY IPHONE,IPAD, SAMSUNG, SCREEN, REPAIR %15 OFF,FIX MAC, PC, UNLOCKIN"
,,,,https://sfbay.craigslist.org/eby/mod/d/fremont-cracked-screen-replacement/6966637865.html,,,,$0,Cracked Screen Replacement ( APPLE ) SAMSUNG ( LG ) NOKIA
,,,,https://sfbay.craigslist.org/eby/mod/d/hayward-laptop-desktop-cell-phone-repair/6966566427.html,,,,$0,laptop/desktop/cell phone repair
,,,,https://sfbay.craigslist.org/sby/mod/d/san-jose-fix-iphonescreen-plus-65-fix/6966526777.html,,,,$0,"fix iphone,screen,7 $55,6 $39, 7,8plus $65, fix ipad,mac,pc, unlocking"
,,,,https://sfbay.craigslist.org/eby/mod/d/fremont-samsung-galaxy-phone-repair/6966491582.html,,,,$0,"Samsung Galaxy Phone Repair, iPhone Repair, LG Phone Repair. HTC Repai"
,,,,https://sfbay.craigslist.org/eby/mod/d/fremont-cell-phone-repair-iphone/6966489580.html,,,,$0,"CELL PHONE REPAIR/ iPHONE CRACKED SCREEN REPLACEMENT, SAMSUNG REPAIR"
,,,,https://sfbay.craigslist.org/eby/mod/d/fremont-iphone-repair-htc-phone-repair/6966488693.html,,,,$0,"iPhone Repair, HTC Phone Repair, LG Phone Repair"
,,,,https://sfbay.craigslist.org/sby/mod/d/fremont-iphone-repair-cell-phone-repair/6966415447.html,,,,$0,"iPhone Repair, Cell Phone Repair, Cracked Screen Repair, Samsung Galax"
,,,,https://sfbay.craigslist.org/eby/mod/d/iphone-battery-fix-screen-glass-unlock/6966112732.html,,,,$0,IPHONE BATTERY FIX SCREEN GLASS UNLOCK REPAIR ACTIVATE UNLOCKING PHONE
,,,,https://sfbay.craigslist.org/eby/mod/d/fremont-cracked-screen-replacement/6966108461.html,,,,$0,Cracked Screen Replacement ( APPLE ) SAMSUNG ( LG ) NOKIA
,,,,https://sfbay.craigslist.org/sby/mod/d/san-jose-15-off-on-any-iphone-ipad/6966096829.html,,,,$0,"15% OFF ON ANY IPHONE, IPAD SCREEN REPAIR,FIX MAC, &PC,UNLOCKING, CALL"
,,,,https://sfbay.craigslist.org/sby/mod/d/san-jose-fix-samsung-ipad-iphone-screen/6965999247.html,,,,$0,"fix samsung, ipad, iphone, screen, battery, charging port, unlocking,"
,,,,https://sfbay.craigslist.org/eby/mod/d/fremont-cracked-screen-replacement/6965991317.html,,,,$0,Cracked Screen Replacement ( APPLE ) SAMSUNG ( LG ) NOKIA
,,,,https://sfbay.craigslist.org/eby/mod/d/iphone-battery-fix-screen-glass-unlock/6965893043.html,,,,$0,IPHONE BATTERY FIX SCREEN GLASS UNLOCK REPAIR ACTIVATE UNLOCKING PHONE
,,,,https://sfbay.craigslist.org/sby/mod/d/san-jose-fix-all/6965890747.html,,,,$0,"fix all ipad,iphone,mac,screen,batery,15%off.unlocking,iphone 4 sale"
,,,,https://sfbay.craigslist.org/eby/mod/d/iphone-battery-fix-screen-glass-unlock/6965893043.html,,,,$0,IPHONE BATTERY FIX SCREEN GLASS UNLOCK REPAIR ACTIVATE UNLOCKING PHONE
,,,,https://sfbay.craigslist.org/sby/mod/d/san-jose-fix-all/6965890747.html,,,,$0,"fix all ipad,iphone,mac,screen,batery,15%off.unlocking,iphone 4 sale"
,,,,https://sfbay.craigslist.org/eby/mod/d/fremont-cracked-screen-replacement/6965850365.html,,,,$0,Cracked Screen Replacement ( APPLE ) SAMSUNG ( LG ) NOKIA
,,,,https://sfbay.craigslist.org/eby/mod/d/hayward-laptop-desktop-cell-phone-repair/6965842100.html,,,,$0,laptop/desktop/cell phone repair
,,,,https://sfbay.craigslist.org/sby/mod/d/san-jose-fix-iphoneipadsamsunglg/6965793566.html,,,,$0,"FIX IPHONE,IPAD,SAMSUNG,LG SCREEN,BATERY,PORT, IPHONE 4 SALE,UNLOCKING"
,,,,https://sfbay.craigslist.org/sby/mod/d/fremont-ipad-repair-cell-phone-repair/6965747646.html,,,,$0,"iPad Repair, Cell Phone Repair, Cracked Screen Repair, Samsung Galax"
,,,,https://sfbay.craigslist.org/eby/mod/d/fremont-iphone-repair-htc-phone-repair/6965746426.html,,,,$0,"iPhone Repair, HTC Phone Repair, LG Phone Repair"
,,,,https://sfbay.craigslist.org/eby/mod/d/fremont-samsung-galaxy-phone-repair/6965745514.html,,,,$0,"Samsung Galaxy Phone Repair, iPhone Repair, LG Phone Repair. HTC Repai"
,,,,https://sfbay.craigslist.org/eby/mod/d/fremont-cell-phone-repair-iphone/6965745034.html,,,,$0,"CELL PHONE REPAIR/ iPHONE CRACKED SCREEN REPLACEMENT, SAMSUNG REPAIR"
,,,,https://sfbay.craigslist.org/eby/mod/d/fremont-iphone-repair-htc-phone-repair/6965521142.html,,,,$0,"iPhone Repair, HTC Phone Repair, LG Phone Repair"
,,,,https://sfbay.craigslist.org/sby/mod/d/fremont-iphone-repair-cell-phone-repair/6965521037.html,,,,$0,"iPhone Repair, Cell Phone Repair, Cracked Screen Repair, Samsung Galax"
,,,,https://sfbay.craigslist.org/eby/mod/d/fremont-cell-phone-repair-iphone/6965520932.html,,,,$0,"CELL PHONE REPAIR/ iPHONE CRACKED SCREEN REPLACEMENT, SAMSUNG REPAIR"
,,,,https://sfbay.craigslist.org/sby/mod/d/san-jose-fix-ipad-iphonemac-screen/6965394680.html,,,,$0,"fix ipad, iphone,mac screen, battery. unlocking service, iphone 4 sale"
,,,,https://sfbay.craigslist.org/eby/mod/d/fremont-cracked-screen-replacement/6965368293.html,,,,$0,Cracked Screen Replacement ( APPLE ) SAMSUNG ( LG ) NOKIA
,,,,https://sfbay.craigslist.org/eby/mod/d/fremont-fix-unlocking-screen-repair/6965362223.html,,,,$0,FIX UNLOCKING SCREEN REPAIR IPHONE UNLOCK SAMSUNG SPRINT ATT TMOBILE
,,,,https://sfbay.craigslist.org/eby/mod/d/fremont-cracked-screen-replacement/6965265451.html,,,,$0,Cracked Screen Replacement ( APPLE ) SAMSUNG ( LG ) NOKIA
,,,,https://sfbay.craigslist.org/eby/mod/d/fremont-iphone-repair-htc-phone-repair/6965226222.html,,,,$0,"iPhone Repair, HTC Phone Repair, LG Phone Repair"
,,,,https://sfbay.craigslist.org/sby/mod/d/fremont-iphone-repair-cell-phone-repair/6965225026.html,,,,$0,"iPhone Repair, Cell Phone Repair, Cracked Screen Repair, Samsung Galax"
,,,,https://sfbay.craigslist.org/eby/mod/d/fremont-cell-phone-repair-iphone/6965224500.html,,,,$0,"CELL PHONE REPAIR/ iPHONE CRACKED SCREEN REPLACEMENT, SAMSUNG REPAIR"
,,,,https://sfbay.craigslist.org/sby/mod/d/san-jose-fix-ipad/6965175759.html,,,,$0,"fix ipad, iphone,screen,battery,charging port as low as $39,unlocking"
,,,,https://sfbay.craigslist.org/sfc/mod/d/vacaville-labor-day-sale/6965145564.html,,,,$0,LABOR DAY SALE!!!
,,,,https://sfbay.craigslist.org/nby/mod/d/santa-rosa-labor-day-sale/6965127109.html,,,,$0,LABOR DAY SALE!!!
,,,,https://sfbay.craigslist.org/eby/mod/d/vallejo-labor-day-sale/6965118567.html,,,,$0,LABOR DAY SALE!!!
,,,,https://sfbay.craigslist.org/eby/mod/d/hayward-laptop-desktop-cell-phone-repair/6965045391.html,,,,$0,laptop/desktop/cell phone repair
,,,,https://sfbay.craigslist.org/sby/mod/d/san-jose-fix-iphoneipadsamsunglg/6965028988.html,,,,$0,"FIX IPHONE,IPAD,SAMSUNG,LG SCREEN,BATERY,PORT, IPHONE 4 SALE,UNLOCKING"
,,,,https://sfbay.craigslist.org/eby/mod/d/fremont-iphone-repair-htc-phone-repair/6964251970.html,,,,$0,"iPhone Repair, HTC Phone Repair, LG Phone Repair"
,,,,https://sfbay.craigslist.org/eby/mod/d/fremont-samsung-galaxy-phone-repair/6964250566.html,,,,$0,"Samsung Galaxy Phone Repair, iPhone Repair, LG Phone Repair. HTC Repai"
,,,,https://sfbay.craigslist.org/sby/mod/d/fremont-iphone-repair-cell-phone-repair/6964247435.html,,,,$0,"iPhone Repair, Cell Phone Repair, Cracked Screen Repair, Samsung Galax"
,,,,https://sfbay.craigslist.org/eby/mod/d/fremont-cell-phone-repair-iphone/6964246169.html,,,,$0,"CELL PHONE REPAIR/ iPHONE CRACKED SCREEN REPLACEMENT, SAMSUNG REPAIR"
,,,,https://sfbay.craigslist.org/sby/mod/d/fremont-iphone-repair-cell-phone-repair/6964102200.html,,,,$0,"iPhone Repair, Cell Phone Repair, Cracked Screen Repair, Samsung Galax"
,,,,https://sfbay.craigslist.org/eby/mod/d/fremont-cell-phone-repair-iphone/6964101882.html,,,,$0,"CELL PHONE REPAIR/ iPHONE CRACKED SCREEN REPLACEMENT, SAMSUNG REPAIR"
,,,,https://sfbay.craigslist.org/sby/mod/d/san-jose-fix-iphoneipadsamsunglg/6964003868.html,,,,$0,"FIX IPHONE,IPAD,SAMSUNG,LG SCREEN,BATERY,PORT, IPHONE 4 SALE,UNLOCKING"
,,,,https://sfbay.craigslist.org/sby/mod/d/san-jose-15-off-on-any-iphone-ipad/6963867203.html,,,,$0,"15% OFF ON ANY IPHONE, IPAD SCREEN REPAIR,FIX MAC, &PC,UNLOCKING, CALL"
,,,,https://sfbay.craigslist.org/eby/mod/d/fremont-buy-sell-unlock-cellphones/6963858972.html,,,,$0,buy/sell unlock cellphones /repair/
,,,,https://sfbay.craigslist.org/eby/mod/d/fremont-cell-phone-repair-iphone/6963823968.html,,,,$0,"CELL PHONE REPAIR/ iPHONE CRACKED SCREEN REPLACEMENT, SAMSUNG REPAIR"
,,,,https://sfbay.craigslist.org/sby/mod/d/fremont-ipad-repair-cell-phone-repair/6963822728.html,,,,$0,"iPad Repair, Cell Phone Repair, Cracked Screen Repair, Samsung Galax"
,,,,https://sfbay.craigslist.org/eby/mod/d/fremont-samsung-phon-repair-iphone/6963821639.html,,,,$0,"SAMSUNG PHON REPAIR/ iPHONE CRACKED SCREEN REPLACEMENT, SAMSUNG REPAIR"
,,,,https://sfbay.craigslist.org/sby/mod/d/fremont-iphone-repair-cell-phone-repair/6963813464.html,,,,$0,"iPhone Repair, Cell Phone Repair, Cracked Screen Repair, Samsung Galax"
,,,,https://sfbay.craigslist.org/eby/mod/d/fremont-iphone-repair-cell-phone-repair/6963812619.html,,,,$0,"iPhone Repair, Cell Phone Repair, iPhone Cracked Screen Replacement"
,,,,https://sfbay.craigslist.org/sby/mod/d/san-jose-ipad-iphone-lg-samsung-moto/6963773008.html,,,,$0,"ipad, iphone, lg, samsung, moto screen repair,unlocking, iphone 4 sale"
,,,,https://sfbay.craigslist.org/eby/mod/d/hayward-buy-sell-repair-cellphone/6963763596.html,,,,$0,buy/sell/repair/cellphone
,,,,https://sfbay.craigslist.org/eby/mod/d/fremont-fix-unlocking-screen-repair/6963491908.html,,,,$0,FIX UNLOCKING SCREEN REPAIR IPHONE UNLOCK SAMSUNG SPRINT ATT TMOBILE
,,,,https://sfbay.craigslist.org/sby/mod/d/san-jose-ipadiphonescreen-repair/6963309595.html,,,,$0,"ipad,iphone,screen repair 15%off,unlocking,iphone 4 sale call for info"
,,,,https://sfbay.craigslist.org/eby/mod/d/fremont-laptop-desktop-cell-phone-repair/6963263461.html,,,,$0,laptop/desktop/cell phone repair
,,,,https://sfbay.craigslist.org/eby/mod/d/samsung-unlock-activate-passcode-fix/6963254687.html,,,,$0,SAMSUNG UNLOCK ACTIVATE PASSCODE FIX FLASH NETWORK LOCK SOFTWARE ISSUE
,,,,https://sfbay.craigslist.org/sby/mod/d/san-jose-we-fix-all-iphone-screen-plus/6963169550.html,,,,$0,"we fix all iphone, screen, x &129, 8,7,plus $65, 6 $40, 7,8, $55, call"
,,,,https://sfbay.craigslist.org/eby/mod/d/fremont-iphone-repair-cell-phone-repair/6963120444.html,,,,$0,"iPhone Repair, Cell Phone Repair, iPhone Cracked Screen Replacement"
,,,,https://sfbay.craigslist.org/sby/mod/d/fremont-iphone-repair-cell-phone-repair/6963116535.html,,,,$0,"iPhone Repair, Cell Phone Repair, Cracked Screen Repair, Samsung Galax"
,,,,https://sfbay.craigslist.org/eby/mod/d/fremont-cell-phone-repair-iphone/6963115609.html,,,,$0,"CELL PHONE REPAIR/ iPHONE CRACKED SCREEN REPLACEMENT, SAMSUNG REPAIR"
,,,,https://sfbay.craigslist.org/eby/mod/d/iphone-repair-unlock-flash-fix-activate/6963032561.html,,,,$0,IPHONE REPAIR UNLOCK FLASH FIX ACTIVATE STORE  510-396-0505 CALL/TEXT
,,,,https://sfbay.craigslist.org/sby/mod/d/san-jose-fix/6963004723.html,,,,$0,"fix ipad,iphone,mac,screen,batery,port,unlocking, iphone 4 sale call ,"
,,,,https://sfbay.craigslist.org/eby/mod/d/hayward-laptop-desktop-cell-phone-repair/6962979200.html,,,,$0,laptop/desktop/cell phone repair
,,,,https://sfbay.craigslist.org/sby/mod/d/san-jose-we-fix-all-iphone-screen/6962624421.html,,,,$0,"we fix all iphone, screen , iphone x screen $129, iphone 8,7 plus $65,"
,,,,https://sfbay.craigslist.org/eby/mod/d/iphone-battery-fix-screen-glass-unlock/6962567125.html,,,,$0,IPHONE BATTERY FIX SCREEN GLASS UNLOCK REPAIR ACTIVATE UNLOCKING PHONE
,,,,https://sfbay.craigslist.org/sby/mod/d/san-jose-unlocking-services-iphone-ipad/6962533097.html,,,,$0,"unlocking services, iphone, ipad, mac, screen repair, iphone 4 sale,"
,,,,https://sfbay.craigslist.org/eby/mod/d/hayward-apple-iphone-and-gaming-consoles/6962443835.html,,,,$0,$$$$ @@ Apple iPhone 📲 and Gaming consoles
,,,,https://sfbay.craigslist.org/sby/mod/d/san-jose-apple-iphone-and-gaming-console/6962406661.html,,,,$0,$$$$$$$Apple iPhone $$$$$$ and gaming console
,,,,https://sfbay.craigslist.org/eby/mod/d/fremont-laptop-desktop-cell-phone-repair/6962403760.html,,,,$0,laptop/desktop/cell phone repair
,,,,https://sfbay.craigslist.org/sby/mod/d/san-jose-fixmac-ipad-iphonescreenbatery/6962350710.html,,,,$0,"fix,mac, ipad, iphone,screen,batery, 15%off, unlocking,iphone 4 sale."
,,,,https://sfbay.craigslist.org/eby/mod/d/iphone-battery-fix-screen-glass-unlock/6962316332.html,,,,$0,IPHONE BATTERY FIX SCREEN GLASS UNLOCK REPAIR CELL PHONE LOCK FIXING
,,,,https://sfbay.craigslist.org/eby/mod/d/hayward-laptop-desktop-cell-phone/6962283653.html,,,,$0,laptop/desktop/cell phone repair/buying/selling cellphones
,,,,https://sfbay.craigslist.org/sby/mod/d/san-jose-unlocking-remove-password-fix/6961884269.html,,,,$0,"unlocking, remove password, fix iphone,ipad screen,batery,iphone 4sale"
,,,,https://sfbay.craigslist.org/sby/mod/d/san-jose-fix-iphonescreen-plus-65-fix/6961795845.html,,,,$0,"fix iphone,screen,7 $55,6 $39, 7,8plus $65, fix ipad,mac,pc, unlocking"
,,,,https://sfbay.craigslist.org/eby/mod/d/hayward-laptop-desktop-cell-phone-repair/6961770966.html,,,,$0,laptop/desktop/cell phone repair
,,,,https://sfbay.craigslist.org/sby/mod/d/san-jose-fix-ipadiphone-screenbattery/6961657172.html,,,,$0,"fix ipad,iphone screen,battery, port, %15off, unlocking, iphone 4 sale"
,,,,https://sfbay.craigslist.org/sby/mod/d/fremont-iphone-repair-cell-phone-repair/6961599695.html,,,,$0,"iPhone Repair, Cell Phone Repair, Cracked Screen Repair, Samsung Galax"
,,,,https://sfbay.craigslist.org/eby/mod/d/fremont-cell-phone-repair-iphone/6961598827.html,,,,$0,"CELL PHONE REPAIR/ iPHONE CRACKED SCREEN REPLACEMENT, SAMSUNG REPAIR"
,,,,https://sfbay.craigslist.org/sby/mod/d/san-jose-fix-iphonescreen-plus-65-fix/6961569604.html,,,,$0,"fix iphone,screen,7 $55,6 $39, 7,8plus $65, fix ipad,mac,pc, unlocking"
,,,,https://sfbay.craigslist.org/eby/mod/d/hayward-laptop-desktop-cell-phone-repair/6961537685.html,,,,$0,laptop/desktop/cell phone repair
,,,,https://sfbay.craigslist.org/sby/mod/d/san-jose-fix-iphonescreen-plus-65-fix/6961150455.html,,,,$0,"fix iphone,screen,7 $55,6 $39, 7,8plus $65, fix ipad,mac,pc, unlocking"
,,,,https://sfbay.craigslist.org/eby/mod/d/fremont-cracked-screen-replacement/6961107814.html,,,,$0,Cracked Screen Replacement ( APPLE ) SAMSUNG ( LG ) NOKIA
,,,,https://sfbay.craigslist.org/eby/mod/d/iphone-battery-fix-screen-glass-unlock/6961073922.html,,,,$0,IPHONE BATTERY FIX SCREEN GLASS UNLOCK REPAIR ACTIVATE UNLOCKING PHONE
,,,,https://sfbay.craigslist.org/sby/mod/d/fremont-iphone-repair-cell-phone-repair/6961050604.html,,,,$0,"iPhone Repair, Cell Phone Repair, Cracked Screen Repair, Samsung Galax"
,,,,https://sfbay.craigslist.org/eby/mod/d/fremont-cell-phone-repair-iphone/6961049785.html,,,,$0,"CELL PHONE REPAIR/ iPHONE CRACKED SCREEN REPLACEMENT, SAMSUNG REPAIR"
,,,,https://sfbay.craigslist.org/sby/mod/d/san-jose-fix-mac-pc-iphone-ipad-screen/6961006850.html,,,,$0,"fix mac, pc, iphone, ipad, screen, batery,port(15%off)unlocking,iphone"
,,,,https://sfbay.craigslist.org/eby/mod/d/fremont-cracked-screen-replacement/6960955245.html,,,,$0,Cracked Screen Replacement ( APPLE ) SAMSUNG ( LG ) NOKIA price as low
,,,,https://sfbay.craigslist.org/sby/mod/d/san-jose-15off-on-any-iphone-ipad/6960880996.html,,,,$0,"15%off on any iphone, ipad screen,unlocking,pc, &iphone,samsung4 sale,"
,,,,https://sfbay.craigslist.org/eby/mod/d/phone-unlock-flashing-jailbreak-network/6960847441.html,,,,$0,PHONE UNLOCK FLASHING JAILBREAK NETWORK UNLOCKING ACTIVATION ISSUE FIX
,,,,https://sfbay.craigslist.org/eby/mod/d/antioch-like-new-certified-pre-owned/6960807331.html,,,,$0,Like New - Certified Pre-Owned Devices
,,,,https://sfbay.craigslist.org/sby/mod/d/san-jose-unlocking-remove-password-fix/6960800385.html,,,,$0,"unlocking, remove password, fix iphone,ipad screen,batery,iphone 4sale"
,,,,https://sfbay.craigslist.org/eby/mod/d/hayward-laptop-desktop-cell-phone-repair/6960794193.html,,,,$0,laptop/desktop/cell phone repair
,,,,https://sfbay.craigslist.org/eby/mod/d/iphone-battery-fix-screen-glass-unlock/6960342637.html,,,,$0,IPHONE BATTERY FIX SCREEN GLASS UNLOCK REPAIR ACTIVATE UNLOCKING PHONE
,,,,https://sfbay.craigslist.org/sby/mod/d/san-jose-samsungiphone-ipad-lg/6960313596.html,,,,$0,"samsung,iphone, ipad, lg, screen,battery, charging port,unlocking,call"
,,,,https://sfbay.craigslist.org/eby/mod/d/fremont-cracked-screen-replacement/6960263169.html,,,,$0,Cracked Screen Replacement ( APPLE ) SAMSUNG ( LG ) NOKIA
,,,,https://sfbay.craigslist.org/sby/mod/d/san-jose-unlocking-remove-password-fix/6960233885.html,,,,$0,"unlocking, remove password, fix iphone,ipad screen,batery,iphone 4sles"
,,,,https://sfbay.craigslist.org/eby/mod/d/cell-phone-unlock-code-carrier/6960204907.html,,,,$0,cell PHONE UNLOCK CODE CARRIER UNLOCKING IPHONE REPAIR UNBLOCK PHONE
,,,,https://sfbay.craigslist.org/eby/mod/d/iphone-battery-fix-screen-glass-unlock/6960179222.html,,,,$0,IPHONE BATTERY FIX SCREEN GLASS UNLOCK REPAIR CELL PHONE LOCK FIXING
,,,,https://sfbay.craigslist.org/eby/mod/d/fremont-cracked-screen-replacement/6960145840.html,,,,$0,Cracked Screen Replacement ( APPLE ) SAMSUNG ( LG ) NOKIA
,,,,https://sfbay.craigslist.org/sby/mod/d/fremont-iphone-repair-cell-phone-repair/6960133293.html,,,,$0,"iPhone Repair, Cell Phone Repair, Cracked Screen Repair, Samsung Galax"
,,,,https://sfbay.craigslist.org/sby/mod/d/san-jose-iphone-ipad-screen-repair/6960131994.html,,,,$0,"iphone, ipad, screen repair, 15%off, fix, mac,pc,sale iphone,unlocking"
,,,,https://sfbay.craigslist.org/eby/mod/d/phone-unlocks-repair-iphone-screen-lcd/6960089867.html,,,,$0,PHONE UNLOCKS REPAIR IPHONE SCREEN LCD 6 6S 5 7 7S PLUS X XS XR XS MAX
,,,,https://sfbay.craigslist.org/eby/mod/d/hayward-laptop-desktop-cell-phone-repair/6960051115.html,,,,$0,laptop/desktop/cell phone repair
,,,,https://sfbay.craigslist.org/sby/mod/d/san-jose-fix-iphonescreen-plus-65-fix/6960014319.html,,,,$0,"fix iphone,screen,7 $55,6 $39, 7,8plus $65, fix ipad,mac,pc, unlocking"
,,,,https://sfbay.craigslist.org/eby/mod/d/network-unlock-unblock-iphone-screen/6959493746.html,,,,$0,NETWORK UNLOCK UNBLOCK IPHONE SCREEN FIX GET UNLOCKED FINANCE OR NOT
,,,,https://sfbay.craigslist.org/eby/mod/d/fremont-cell-phone-repair-iphone/6959430287.html,,,,$0,"CELL PHONE REPAIR/ iPHONE CRACKED SCREEN REPLACEMENT, SAMSUNG REPAIR"
,,,,https://sfbay.craigslist.org/eby/mod/d/iphone-battery-fix-screen-glass-unlock/6959326983.html,,,,$0,IPHONE BATTERY FIX SCREEN GLASS UNLOCK REPAIR ACTIVATE UNLOCKING PHONE
,,,,https://sfbay.craigslist.org/eby/mod/d/iphone-battery-fix-screen-glass-unlock/6958969571.html,,,,$0,IPHONE BATTERY FIX SCREEN GLASS UNLOCK REPAIR CELL PHONE LOCK FIXING
,,,,https://sfbay.craigslist.org/eby/mod/d/fremont-laptop-desktop-cell-phone-repair/6958959565.html,,,,$0,laptop/desktop/cell phone repair
,,,,https://sfbay.craigslist.org/sby/mod/d/san-jose-fix-ipadiphone-mac-samsung/6958942192.html,,,,$0,"fix ipad,iphone, mac, samsung screen, battery, unlocking,iphone 4 sale"
,,,,https://sfbay.craigslist.org/eby/mod/d/phone-unlock-flashing-jailbreak-network/6958892429.html,,,,$0,PHONE UNLOCK FLASHING JAILBREAK NETWORK UNLOCKING ACTIVATION ISSUE FIX
,,,,https://sfbay.craigslist.org/sby/mod/d/san-jose-any-iphone-ipad-samsung-screen/6958818396.html,,,,$0,"any iphone , ipad, samsung, screen repair 15%off, iphone for sale,call"
,,,,https://sfbay.craigslist.org/eby/mod/d/fix-lcd-glass-screen-repair-iphone/6958818374.html,,,,$0,FIX LCD GLASS SCREEN REPAIR IPHONE UNLOCK SAMSUNG SPRINT ATT TMOBILE
,,,,https://sfbay.craigslist.org/eby/mod/d/hayward-best-price-call-for-repair/6958750653.html,,,,$0,Best price- call for repair  phones -LG Apple Samsung NOkia
,,,,https://sfbay.craigslist.org/sby/mod/d/san-jose-fix-iphonescreen-plus-65-fix/6958703018.html,,,,$0,"fix iphone,screen,7 $55,6 $39, 7,8plus $65, fix ipad,mac,pc, unlocking"
,,,,https://sfbay.craigslist.org/eby/mod/d/fremont-cracked-screen-replacement/6958309051.html,,,,$0,Cracked Screen Replacement ( APPLE ) SAMSUNG ( LG ) NOKIA
,,,,https://sfbay.craigslist.org/eby/mod/d/pleasanton-we-buy-new-in-box-iphone-xs/6958307927.html,,,,$0,"WE BUY NEW IN BOX IPHONE XS MAX, XR, XS, AIRPODS, IWATCH"
,,,,https://sfbay.craigslist.org/eby/mod/d/iphone-battery-fix-screen-glass-unlock/6958306455.html,,,,$0,IPHONE BATTERY FIX SCREEN GLASS UNLOCK REPAIR ACTIVATE UNLOCKING PHONE
,,,,https://sfbay.craigslist.org/sby/mod/d/san-jose-fix-iphonescreen-plus-65-fix/6958295060.html,,,,$0,"fix iphone,screen,7 $55,6 $39, 7,8plus $65, fix ipad,mac,pc, unlocking"
,,,,https://sfbay.craigslist.org/sby/mod/d/san-jose-iphone-ipad-samsung-macpc/6958212083.html,,,,$0,"iphone, ipad, samsung, mac,pc screen repair15% off, iphone 4 sale,call"
,,,,https://sfbay.craigslist.org/eby/mod/d/fremont-cracked-screen-replacement/6958161261.html,,,,$0,Cracked Screen Replacement ( APPLE ) SAMSUNG ( LG ) NOKIA
,,,,https://sfbay.craigslist.org/sby/mod/d/san-jose-fix-ipadiphone-mac-samsung/6958133544.html,,,,$0,"fix ipad,iphone, mac, samsung screen, battery, unlocking,iphone 4 sale"
,,,,https://sfbay.craigslist.org/eby/mod/d/phone-unlock-flash-jailbreak-network/6958055145.html,,,,$0,PHONE UNLOCK FLASH JAILBREAK NETWORK UNLOCKING ACTIVATION ISSUE FIX
,,,,https://sfbay.craigslist.org/sby/mod/d/san-jose-fix-iphonescreen-plus-65-fix/6957999376.html,,,,$0,"fix iphone,screen,7 $55,6 $39, 7,8plus $65, fix ipad,mac,pc, unlocking"
,,,,https://sfbay.craigslist.org/eby/mod/d/hayward-buy-sell-repair-trade/6957938054.html,,,,$0,buy/sell/repair/trade electronics
,,,,https://sfbay.craigslist.org/eby/mod/d/samsung-unlock-activate-passcode-fix/6957607354.html,,,,$0,SAMSUNG UNLOCK ACTIVATE PASSCODE FIX FLASH NETWORK LOCK SOFTWARE ISSUE
,,,,https://sfbay.craigslist.org/eby/mod/d/fremont-cracked-screen-replacement/6957543287.html,,,,$0,Cracked Screen Replacement ( APPLE ) SAMSUNG ( LG ) NOKIA
,,,,https://sfbay.craigslist.org/sby/mod/d/san-jose-fix-iphonescreen-plus-65-fix/6957515151.html,,,,$0,"fix iphone,screen,7 $55,6 $39, 7,8plus $65, fix ipad,mac,pc, unlocking"
,,,,https://sfbay.craigslist.org/sby/mod/d/san-jose-we-repair-all-iphone-screen/6957397052.html,,,,$0,"we repair all iphone, screen, iphone 6 screen $39, iphone 8,7 plus $65"
,,,,https://sfbay.craigslist.org/eby/mod/d/fremont-cracked-screen-replacement/6957370566.html,,,,$0,Cracked Screen Replacement ( APPLE ) SAMSUNG ( LG ) NOKIA
,,,,https://sfbay.craigslist.org/eby/mod/d/iphone-battery-fix-screen-glass-unlock/6957305408.html,,,,$0,IPHONE BATTERY FIX SCREEN GLASS UNLOCK REPAIR ACTIVATE UNLOCKING PHONE
,,,,https://sfbay.craigslist.org/sby/mod/d/san-jose-iphone-screen-repairfree-tmper/6957297331.html,,,,$0,"iphone, screen repair(free tmper glass)fix ipad,mac,pc,unlocking, call"
,,,,https://sfbay.craigslist.org/eby/mod/d/hayward-best-price-call-for-repair/6957242480.html,,,,$0,s -Best price- call for repair  phoneLG Apple Samsung NOkia
,,,,https://sfbay.craigslist.org/eby/mod/d/iphone-home-button-replacement-all/6956919805.html,,,,$0,IPHONE HOME BUTTON REPLACEMENT ALL MODELS BATTERY SCREEN LCD GLASS FIX
,,,,https://sfbay.craigslist.org/sby/mod/d/fremont-iphone-repair-cell-phone-repair/6956875658.html,,,,$0,"iPhone Repair, Cell Phone Repair, Cracked Screen Repair, Samsung Galax"
,,,,https://sfbay.craigslist.org/sby/mod/d/san-jose-iphone-ipad-screen-repairfree/6956848130.html,,,,$0,"iphone, ipad, screen repair(free tamper glass)unlocking, iphone 4 sale"
,,,,https://sfbay.craigslist.org/eby/mod/d/fremont-cell-phone-repair-iphone/6956799178.html,,,,$0,"CELL PHONE REPAIR/ iPHONE CRACKED SCREEN REPLACEMENT, SAMSUNG REPAIR"
,,,,https://sfbay.craigslist.org/sby/mod/d/san-jose-ipad-iphone-samsung-pc-mac/6956750101.html,,,,$0,"ipad , iphone, samsung, pc, mac screen repair, batery, iphone 4 sale,"
,,,,https://sfbay.craigslist.org/eby/mod/d/fremont-iphone-5-5s-6-6s-6p-6sp-7-7p/6956725938.html,,,,$0,IPHONE 5/5S/6/6S/6P/6SP/7/7P/SAMSUNG-S4-S5-S6-S7-S8/NOTE-3-4-5-8
,,,,https://sfbay.craigslist.org/sby/mod/d/san-jose-we-repair-all-iphone-screen7/6956631302.html,,,,$0,"we repair all iphone screen,7 $50,7,8plus $65, 6 $39,iphone x scr $119"
,,,,https://sfbay.craigslist.org/eby/mod/d/samsung-software-problem-unblock-fix/6956627461.html,,,,$0,SAMSUNG SOFTWARE PROBLEM  UNBLOCK FIX IMEI UNLOCK ACTIVATION FRP LOCK
,,,,https://sfbay.craigslist.org/sby/mod/d/san-jose-fix-all-iphoneipad-samsung/6956558900.html,,,,$0,"fix all iphone,ipad, samsung, screen, battery, as low as $39,unlocking"
,,,,https://sfbay.craigslist.org/eby/mod/d/hayward-cracked-screen-replacement/6956513568.html,,,,$0,Cracked Screen Replacement ( APPLE ) SAMSUNG ( LG
,,,,https://sfbay.craigslist.org/eby/mod/d/fremont-cracked-screen-replacement/6956129489.html,,,,$0,Cracked Screen Replacement ( APPLE ) SAMSUNG ( LG
,,,,https://sfbay.craigslist.org/eby/mod/d/iphone-battery-fix-screen-glass-unlock/6956118589.html,,,,$0,IPHONE BATTERY FIX SCREEN GLASS UNLOCK REPAIR ACTIVATE UNLOCKING PHONE
,,,,https://sfbay.craigslist.org/sby/mod/d/san-jose-we-repair-iphone-screen/6956086046.html,,,,$0,"we repair iphone , screen, batery,iphone 4 sale,unlocking,"
,,,,https://sfbay.craigslist.org/sby/mod/d/fremont-iphone-repair-cell-phone-repair/6956036801.html,,,,$0,"iPhone Repair, Cell Phone Repair, Cracked Screen Repair, Samsung Galax"
,,,,https://sfbay.craigslist.org/eby/mod/d/fremont-cracked-screen-replacement/6956014963.html,,,,$0,Cracked Screen Replacement ( APPLE ) SAMSUNG ( LG ) NOKIA
,,,,https://sfbay.craigslist.org/eby/mod/d/fremont-cell-phone-repair-iphone/6956011114.html,,,,$0,"CELL PHONE REPAIR/ iPHONE CRACKED SCREEN REPLACEMENT, SAMSUNG REPAIR"
,,,,https://sfbay.craigslist.org/eby/mod/d/apple-iphone-broken-screen-fix-charging/6955921629.html,,,,$0,APPLE IPHONE BROKEN SCREEN FIX CHARGING PROBLEM  BATTERY ISSUES UNLOCK
,,,,https://sfbay.craigslist.org/eby/mod/d/fremont-cell-phone-and-computer-repair/6955911749.html,,,,$0,CELL PHONE AND COMPUTER REPAIR AND SERVICES PHONE PLANS
,,,,https://sfbay.craigslist.org/sby/mod/d/san-jose-fix-screenipad-samsung/6955907867.html,,,,$0,"fix screen,ipad, samsung, iphone,repair pc, mac,unlocking, sale iphone"
,,,,https://sfbay.craigslist.org/eby/mod/d/phone-unlock-flash-jailbreak-network/6955881720.html,,,,$0,PHONE UNLOCK FLASH JAILBREAK NETWORK UNLOCKING ACTIVATION ISSUE FIX
,,,,https://sfbay.craigslist.org/sby/mod/d/san-jose-ipad-mac-iphone-screen-batery/6955812727.html,,,,$0,"ipad, mac, iphone, screen, batery, port,(iphone 6plus 64gb unlock $259"
,,,,https://sfbay.craigslist.org/eby/mod/d/hayward-laptop-desktop-cell-phone-repair/6955782806.html,,,,$0,laptop/desktop/cell phone repair
,,,,https://sfbay.craigslist.org/sby/mod/d/san-jose-fix-iphone-screen-iphone-scr/6955404845.html,,,,$0,"fix iphone screen,7$55, 6 $40,iphone x scr 129,unlocking,iphone 4 sale"
,,,,https://sfbay.craigslist.org/eby/mod/d/fremont-iphone-5-5s-6-6s-6p-6sp-7-7p/6955393343.html,,,,$0,IPHONE 5/5S/6/6S/6P/6SP/7/7P/SAMSUNG-S4-S5-S6-S7-S8/NOTE-3-4-5-8
,,,,https://sfbay.craigslist.org/eby/mod/d/activate-sprint-verizon-tmobile/6955378045.html,,,,$0,ACTIVATE SPRINT VERIZON TMOBILE METROPCS BOOST XFINITY ATT PHONES
,,,,https://sfbay.craigslist.org/sby/mod/d/san-jose-unlockingsamsung-lg-iphone/6955327503.html,,,,$0,"unlocking,samsung, lg, iphone, ipad, screen repair, iphone 4 sale call"
,,,,https://sfbay.craigslist.org/sby/mod/d/san-jose-we-fix-all-ipad/6955212602.html,,,,$0,"we fix all ipad, iphone,samsung,screen,battery,as low as $39,unlocking"
,,,,https://sfbay.craigslist.org/sby/mod/d/san-jose-fix-iphone-screen-plus-65-fix/6955156224.html,,,,$0,"fix iphone screen, x $119, 7,8 $55, 8,7 plus $65, fix ipad, mac, pc,,,"
,,,,https://sfbay.craigslist.org/eby/mod/d/fremont-cracked-screen-replacement/6955149836.html,,,,$0,Cracked Screen Replacement ( APPLE ) SAMSUNG ( LG ) NOKIA
,,,,https://sfbay.craigslist.org/eby/mod/d/hayward-laptop-desktop-cell-phone-repair/6955026716.html,,,,$0,laptop/desktop/cell phone repair
,,,,https://sfbay.craigslist.org/eby/mod/d/fix-lcd-glass-screen-repair-iphone/6954514884.html,,,,$0,FIX LCD GLASS SCREEN REPAIR IPHONE UNLOCK SAMSUNG SPRINT ATT TMOBILE
,,,,https://sfbay.craigslist.org/nby/mob/d/san-mateo-ipad-pro-129-wifi-cell/6947826203.html,,,,$1,iPad PRO 12.9” WIFI - CELL
